Kunden_ID,Versicherungsabschluss,Schadens_ID,Versicherungsart,Schadensmeldung,Schadensbetrag,Vorherige_Schaeden,Schadensort,BeteiligtePersonen,Betrug
K0393,2021-10-09,S00393,Kfz,2022-08-01,648,1,München,2,False
K0718,2021-10-10,S00718,Kfz,2023-10-04,4399,2,Leipzig,1,False
K0204,2023-04-01,S00204,Hausrat,2023-08-24,2688,0,Nürnberg,1,False
K0405,2021-04-21,S00405,Haftpflichtversicherung,2023-04-11,1250,1,Düsseldorf,1,False
K0038,2022-09-12,S00038,Kfz,2023-11-27,1669,2,Hamburg,1,False
K0037,2022-02-25,S00037,Haftpflichtversicherung,2023-06-05,2656,2,Dortmund,1,False
K0859,2021-07-04,S00859,Kfz,2021-09-15,2647,2,Bremen,2,False
K0528,2021-10-31,S00528,Hausrat,2023-10-05,2541,1,Essen,2,False
K0606,2023-02-03,S00606,Hausrat,2023-06-03,2883,2,Bremen,1,False
K0230,2021-02-27,S00230,Haftpflichtversicherung,2022-08-23,1705,0,München,2,False
K0752,2022-05-21,S00752,Haftpflichtversicherung,2022-12-10,2076,0,Nürnberg,2,False
K0744,2023-02-14,S00744,Kfz,2023-09-20,2067,1,Hannover,2,False
K0155,2022-06-06,S00155,Haftpflichtversicherung,2022-10-02,4187,0,Dortmund,2,False
K0101,2023-02-14,S00101,Haftpflichtversicherung,2023-11-20,2719,0,Essen,3,False
K0242,2023-01-14,S00242,Haftpflichtversicherung,2023-05-10,1074,0,Stuttgart,2,False
K0003,2021-09-29,S00003,Haftpflichtversicherung,2023-07-25,4702,0,Frankfurt,2,False
K0724,2022-06-21,S00724,Kfz,2022-11-21,3844,1,Hannover,2,False
K0292,2021-07-06,S00292,Haftpflichtversicherung,2022-04-05,3835,2,Stuttgart,2,False
K0275,2021-11-07,S00275,Kfz,2022-04-02,1451,1,Frankfurt,1,False
K0461,2022-11-27,S00461,Kfz,2023-01-03,3430,0,Nürnberg,3,False
K0090,2023-01-17,S00090,Kfz,2023-02-17,2073,0,Frankfurt,1,False
K0251,2023-04-29,S00251,Haftpflichtversicherung,2023-06-11,1454,2,Düsseldorf,2,False
K0473,2021-10-16,S00473,Kfz,2022-08-27,1682,0,Hannover,2,False
K0416,2023-01-11,S00416,Hausrat,2023-11-12,1438,0,Essen,1,False
K0209,2022-05-22,S00209,Kfz,2023-12-26,1327,2,Düsseldorf,2,False
K0969,2021-07-07,S00969,Kfz,2021-08-05,8539,1,Leipzig,2,True
K0720,2021-10-13,S00720,Hausrat,2023-01-06,3446,0,München,3,False
K0649,2022-08-13,S00649,Haftpflichtversicherung,2022-10-16,2387,1,Stuttgart,1,False
K0996,2022-10-30,S00996,Hausrat,2022-11-17,5443,3,Leipzig,1,True
K0457,2022-03-25,S00457,Hausrat,2023-01-31,4353,1,Stuttgart,2,False
K0576,2023-02-11,S00576,Kfz,2023-09-06,1855,2,Essen,2,False
K0132,2022-07-27,S00132,Kfz,2023-05-02,1752,0,München,3,False
K0940,2021-03-29,S00940,Hausrat,2021-04-26,6479,1,Dresden,1,True
K0468,2022-03-30,S00468,Kfz,2023-10-04,3542,2,Frankfurt,1,False
K0435,2022-12-05,S00435,Hausrat,2023-08-15,4607,1,Nürnberg,3,False
K0456,2022-02-07,S00456,Hausrat,2023-05-02,890,1,Dresden,1,False
K0866,2022-06-03,S00866,Kfz,2022-08-25,4505,0,Dresden,2,False
K0137,2022-08-23,S00137,Haftpflichtversicherung,2023-06-26,4727,2,Bremen,1,False
K0263,2021-06-30,S00263,Haftpflichtversicherung,2021-08-10,1188,2,Berlin,1,False
K0689,2023-04-10,S00689,Kfz,2023-11-18,4011,2,Hannover,1,False
K0870,2023-05-06,S00870,Haftpflichtversicherung,2023-11-11,4976,1,Leipzig,1,False
K0821,2021-09-02,S00821,Kfz,2022-07-30,1161,2,Leipzig,2,False
K0159,2022-04-20,S00159,Haftpflichtversicherung,2023-12-30,2470,0,Leipzig,3,False
K0623,2023-05-13,S00623,Kfz,2023-07-17,2074,0,Düsseldorf,1,False
K0994,2021-09-19,S00994,Hausrat,2021-10-17,6789,2,Essen,2,True
K0926,2022-11-29,S00926,Kfz,2022-12-26,8543,3,Leipzig,1,True
K0059,2022-11-26,S00059,Haftpflichtversicherung,2023-03-24,3063,0,Essen,2,False
K0477,2022-09-09,S00477,Hausrat,2023-08-21,3483,1,Hannover,1,False
K0922,2021-09-03,S00922,Kfz,2021-09-18,5209,3,Dresden,3,True
K0138,2022-09-22,S00138,Haftpflichtversicherung,2023-07-20,1100,0,Hannover,3,False
K0863,2022-02-06,S00863,Haftpflichtversicherung,2022-02-28,501,0,Leipzig,2,False
K0509,2022-01-15,S00509,Kfz,2023-12-05,1420,1,Berlin,2,False
K0479,2022-03-28,S00479,Haftpflichtversicherung,2022-12-29,4959,2,Hamburg,2,False
K0010,2021-08-16,S00010,Haftpflichtversicherung,2023-03-30,3266,2,München,3,False
K0004,2021-11-16,S00004,Kfz,2021-12-28,3378,2,Leipzig,3,False
K0141,2021-08-11,S00141,Haftpflichtversicherung,2023-10-02,2949,0,Nürnberg,3,False
K0783,2022-07-08,S00783,Hausrat,2023-01-04,1939,2,Hamburg,2,False
K0847,2023-01-28,S00847,Kfz,2023-09-26,2297,1,Hannover,2,False
K0956,2021-06-26,S00956,Hausrat,2021-07-04,5893,3,Nürnberg,2,True
K0052,2022-11-12,S00052,Hausrat,2023-10-12,3948,2,Nürnberg,1,False
K0655,2023-03-11,S00655,Hausrat,2023-10-24,521,0,Stuttgart,2,False
K0381,2022-08-28,S00381,Haftpflichtversicherung,2023-12-11,3972,1,Nürnberg,1,False
K0071,2021-06-17,S00071,Hausrat,2022-03-29,1419,2,Leipzig,2,False
K0299,2022-10-08,S00299,Hausrat,2023-01-09,2323,1,Stuttgart,1,False
K0085,2022-04-07,S00085,Hausrat,2023-11-28,1223,0,Bremen,1,False
K0533,2022-08-15,S00533,Haftpflichtversicherung,2023-03-27,1306,0,Dresden,1,False
K0258,2022-04-13,S00258,Haftpflichtversicherung,2023-08-30,3213,2,Nürnberg,3,False
K0392,2022-09-09,S00392,Kfz,2022-10-26,4624,2,Berlin,1,False
K0413,2022-04-10,S00413,Hausrat,2023-08-05,2843,2,Dortmund,1,False
K0666,2023-05-18,S00666,Kfz,2023-08-16,3604,0,München,2,False
K0243,2022-08-14,S00243,Hausrat,2023-03-12,1036,0,Nürnberg,2,False
K0833,2022-12-22,S00833,Hausrat,2023-06-11,1456,1,Essen,1,False
K0103,2022-08-18,S00103,Kfz,2023-01-30,4213,0,Bremen,1,False
K0723,2022-10-23,S00723,Kfz,2023-10-02,2753,1,Frankfurt,1,False
K0707,2022-06-13,S00707,Haftpflichtversicherung,2022-09-29,2107,2,Essen,3,False
K0513,2022-04-20,S00513,Kfz,2022-10-02,3124,0,Hannover,2,False
K0673,2023-03-08,S00673,Hausrat,2023-08-24,3856,0,Dortmund,1,False
K0408,2023-04-03,S00408,Haftpflichtversicherung,2023-10-31,4960,1,Hannover,2,False
K0173,2021-04-26,S00173,Hausrat,2023-04-07,2836,2,Bremen,1,False
K0280,2023-05-16,S00280,Haftpflichtversicherung,2023-09-20,2832,0,Frankfurt,2,False
K0469,2023-03-29,S00469,Haftpflichtversicherung,2023-08-24,4997,0,Hannover,2,False
K0568,2022-02-23,S00568,Haftpflichtversicherung,2023-04-10,2433,0,Hannover,1,False
K0560,2022-12-17,S00560,Haftpflichtversicherung,2023-09-25,2609,0,Hannover,2,False
K0957,2022-08-01,S00957,Hausrat,2022-08-16,8988,1,Bremen,1,True
K0697,2021-12-05,S00697,Kfz,2023-03-16,4098,0,Dortmund,1,False
K0844,2023-01-04,S00844,Haftpflichtversicherung,2023-02-19,2882,0,Dresden,2,False
K0952,2021-10-14,S00952,Hausrat,2021-10-15,3279,2,München,2,True
K0874,2021-10-31,S00874,Haftpflichtversicherung,2022-07-17,3655,2,Bremen,2,False
K0076,2022-10-06,S00076,Hausrat,2023-03-21,1145,1,Frankfurt,3,False
K0166,2022-05-07,S00166,Hausrat,2022-09-03,1422,2,Nürnberg,2,False
K0363,2021-12-02,S00363,Hausrat,2023-01-20,4298,0,Dresden,1,False
K0337,2021-09-18,S00337,Hausrat,2023-02-27,1304,1,Düsseldorf,2,False
K0935,2022-12-23,S00935,Hausrat,2023-01-12,7883,1,Dresden,2,True
K0039,2022-07-24,S00039,Haftpflichtversicherung,2023-11-10,2658,1,Nürnberg,2,False
K0726,2023-06-21,S00726,Kfz,2023-10-05,2375,0,Berlin,2,False
K0245,2022-10-14,S00245,Haftpflichtversicherung,2022-11-11,2622,0,Stuttgart,1,False
K0619,2023-03-13,S00619,Haftpflichtversicherung,2023-06-18,3308,2,München,2,False
K0500,2021-11-13,S00500,Hausrat,2023-04-28,2532,1,München,2,False
K0370,2022-11-01,S00370,Hausrat,2023-05-06,2581,1,Berlin,3,False
K0453,2022-04-18,S00453,Hausrat,2023-09-11,4490,0,Stuttgart,1,False
K0567,2023-07-22,S00567,Kfz,2023-12-30,2876,0,München,1,False
K0234,2021-11-18,S00234,Kfz,2023-02-14,2354,0,Frankfurt,1,False
K0399,2021-02-25,S00399,Haftpflichtversicherung,2021-06-11,1750,0,Hamburg,2,False
K0355,2021-10-26,S00355,Haftpflichtversicherung,2022-05-23,3930,0,Hamburg,2,False
K0123,2022-03-11,S00123,Haftpflichtversicherung,2022-12-10,4030,0,München,1,False
K0945,2021-06-08,S00945,Kfz,2021-06-18,7664,3,Düsseldorf,3,True
K0799,2022-04-05,S00799,Haftpflichtversicherung,2022-08-18,521,1,Leipzig,2,False
K0029,2022-01-27,S00029,Haftpflichtversicherung,2022-11-18,2476,0,München,2,False
K0831,2022-11-08,S00831,Hausrat,2023-06-21,658,1,Nürnberg,1,False
K0534,2022-06-20,S00534,Kfz,2023-10-30,1963,1,Nürnberg,2,False
K0636,2021-09-03,S00636,Kfz,2022-01-06,2564,1,Düsseldorf,2,False
K0595,2021-05-29,S00595,Kfz,2021-06-28,817,0,Essen,3,False
K0570,2023-08-25,S00570,Haftpflichtversicherung,2023-10-26,4181,0,Stuttgart,3,False
K0253,2022-07-21,S00253,Kfz,2022-12-31,4620,0,Hannover,1,False
K0404,2022-11-14,S00404,Hausrat,2023-04-23,2285,1,Dresden,1,False
K0436,2023-04-09,S00436,Haftpflichtversicherung,2023-04-17,1841,0,Frankfurt,1,False
K0928,2022-01-29,S00928,Kfz,2022-02-10,4881,3,Berlin,2,True
K0083,2022-01-21,S00083,Kfz,2023-03-15,1641,0,Dortmund,3,False
K0254,2023-01-30,S00254,Kfz,2023-03-19,2490,1,München,1,False
K0474,2022-04-03,S00474,Hausrat,2022-11-20,3723,1,Hannover,2,False
K0032,2021-04-30,S00032,Hausrat,2023-09-09,4096,2,Hannover,1,False
K0973,2022-07-27,S00973,Hausrat,2022-08-01,8475,3,Frankfurt,2,True
K0578,2022-06-12,S00578,Kfz,2023-09-28,4635,1,Berlin,2,False
K0162,2021-10-25,S00162,Hausrat,2022-02-23,1702,0,Düsseldorf,1,False
K0394,2022-08-29,S00394,Kfz,2023-07-27,4350,2,Nürnberg,2,False
K0775,2021-12-19,S00775,Hausrat,2022-05-26,927,0,Bremen,1,False
K0717,2022-03-09,S00717,Kfz,2023-08-02,1192,1,Frankfurt,2,False
K0675,2023-05-14,S00675,Haftpflichtversicherung,2023-11-14,538,2,Hannover,2,False
K0674,2023-07-14,S00674,Kfz,2023-09-27,1015,0,Hamburg,1,False
K0079,2022-04-07,S00079,Hausrat,2023-09-11,3051,1,München,1,False
K0158,2022-05-12,S00158,Kfz,2023-02-16,3610,1,Stuttgart,1,False
K0865,2021-08-28,S00865,Haftpflichtversicherung,2022-10-28,2840,0,Hamburg,2,False
K0896,2022-03-16,S00896,Kfz,2023-07-24,3391,1,Hannover,2,False
K0505,2023-01-17,S00505,Kfz,2023-09-16,2271,0,Dresden,1,False
K0193,2022-11-25,S00193,Kfz,2023-03-30,4606,0,Dortmund,2,False
K0768,2021-10-15,S00768,Kfz,2023-01-26,589,2,Leipzig,2,False
K0693,2021-09-30,S00693,Haftpflichtversicherung,2023-04-18,4679,0,Berlin,1,False
K0982,2022-02-11,S00982,Kfz,2022-02-20,3662,1,Essen,2,True
K0241,2022-10-26,S00241,Kfz,2023-05-11,4712,1,Nürnberg,2,False
K0927,2021-03-20,S00927,Kfz,2021-04-12,7683,1,München,3,True
K0045,2022-10-26,S00045,Haftpflichtversicherung,2023-08-29,3239,2,Stuttgart,1,False
K0960,2022-11-12,S00960,Kfz,2022-11-20,7769,1,Bremen,1,True
K0892,2021-12-28,S00892,Kfz,2022-05-17,1129,2,Nürnberg,1,False
K0716,2021-08-27,S00716,Hausrat,2021-11-07,1459,0,München,2,False
K0470,2022-12-12,S00470,Haftpflichtversicherung,2023-05-03,1966,2,Bremen,1,False
K0734,2022-05-08,S00734,Haftpflichtversicherung,2023-07-07,4288,1,Stuttgart,1,False
K0377,2023-01-03,S00377,Kfz,2023-06-27,1109,0,Hannover,2,False
K0937,2022-06-07,S00937,Hausrat,2022-06-23,7673,2,Leipzig,2,True
K0048,2022-11-25,S00048,Hausrat,2023-04-11,2475,2,Düsseldorf,1,False
K0256,2022-11-12,S00256,Hausrat,2022-11-14,4880,1,Hamburg,1,False
K0177,2022-05-27,S00177,Hausrat,2023-03-13,2365,2,Düsseldorf,2,False
K0062,2021-09-09,S00062,Hausrat,2023-09-23,2897,0,Hamburg,1,False
K0857,2022-11-16,S00857,Kfz,2023-04-18,3414,2,Hannover,1,False
K0542,2022-12-27,S00542,Haftpflichtversicherung,2023-10-24,4821,0,Nürnberg,2,False
K0677,2023-08-22,S00677,Kfz,2023-12-26,1386,0,Dortmund,1,False
K0298,2022-12-08,S00298,Hausrat,2023-02-23,554,2,Hannover,2,False
K0130,2022-02-01,S00130,Haftpflichtversicherung,2023-05-05,4350,0,Hannover,3,False
K0885,2021-06-22,S00885,Hausrat,2022-12-26,2546,0,Essen,1,False
K0918,2022-01-02,S00918,Hausrat,2022-01-16,5410,1,München,1,True
K0510,2023-03-25,S00510,Haftpflichtversicherung,2023-09-18,3930,1,Dortmund,2,False
K0357,2021-11-21,S00357,Haftpflichtversicherung,2022-10-28,3041,2,Essen,3,False
K0732,2022-08-03,S00732,Hausrat,2023-08-25,1083,2,Essen,3,False
K0682,2022-04-09,S00682,Hausrat,2023-07-20,3701,1,München,2,False
K0018,2023-09-04,S00018,Hausrat,2023-10-16,864,2,Düsseldorf,1,False
K0233,2022-10-27,S00233,Hausrat,2023-02-01,3572,1,Stuttgart,2,False
K0642,2022-10-22,S00642,Hausrat,2023-10-15,4402,1,Leipzig,1,False
K0853,2022-08-01,S00853,Kfz,2023-04-03,4214,2,Essen,3,False
K0396,2022-11-24,S00396,Hausrat,2023-09-13,1636,2,München,1,False
K0964,2022-12-16,S00964,Kfz,2023-01-12,8269,2,Stuttgart,1,True
K0106,2022-11-21,S00106,Kfz,2023-03-21,1842,0,Dresden,2,False
K0046,2023-05-19,S00046,Hausrat,2023-12-25,2261,2,Hannover,1,False
K0634,2023-06-09,S00634,Hausrat,2023-12-25,2190,1,Hannover,1,False
K0212,2022-07-27,S00212,Haftpflichtversicherung,2023-09-21,4951,1,Nürnberg,1,False
K0506,2022-01-22,S00506,Kfz,2022-03-08,1762,2,Essen,3,False
K0608,2022-10-12,S00608,Haftpflichtversicherung,2023-03-24,2639,2,Dresden,2,False
K0452,2023-08-30,S00452,Hausrat,2023-12-04,900,2,Nürnberg,1,False
K0522,2021-12-05,S00522,Hausrat,2023-04-04,931,1,Essen,1,False
K0784,2023-02-22,S00784,Haftpflichtversicherung,2023-09-06,1052,0,Bremen,1,False
K0779,2021-07-28,S00779,Kfz,2022-08-28,2425,0,Stuttgart,3,False
K0670,2021-09-29,S00670,Kfz,2023-08-10,4109,1,Düsseldorf,2,False
K0201,2023-02-25,S00201,Hausrat,2023-05-14,862,1,Stuttgart,2,False
K0575,2023-08-12,S00575,Kfz,2023-12-17,1718,0,Dortmund,2,False
K0580,2022-08-16,S00580,Kfz,2023-12-23,1918,1,Hannover,1,False
K0222,2022-09-12,S00222,Hausrat,2022-10-01,3867,1,Frankfurt,2,False
K0869,2022-06-13,S00869,Haftpflichtversicherung,2022-10-21,2025,0,Düsseldorf,2,False
K0751,2022-03-17,S00751,Kfz,2023-08-14,4262,1,Bremen,1,False
K0807,2021-05-19,S00807,Hausrat,2023-01-14,2060,2,Stuttgart,1,False
K0803,2023-03-20,S00803,Hausrat,2023-09-06,4609,1,München,2,False
K0226,2022-11-10,S00226,Hausrat,2023-01-01,3361,0,Hannover,3,False
K0602,2022-10-29,S00602,Kfz,2023-06-12,2496,1,Nürnberg,1,False
K0943,2022-11-04,S00943,Kfz,2022-11-29,4409,3,Dresden,3,True
K0631,2022-07-02,S00631,Hausrat,2023-12-23,794,0,Nürnberg,2,False
K0846,2022-10-18,S00846,Haftpflichtversicherung,2023-06-09,3479,0,Essen,2,False
K0148,2023-02-22,S00148,Kfz,2023-03-02,1492,1,Hamburg,1,False
K0882,2021-05-19,S00882,Kfz,2023-05-29,2613,1,Frankfurt,1,False
K0384,2023-07-23,S00384,Haftpflichtversicherung,2023-08-29,3181,0,Stuttgart,2,False
K0949,2022-04-28,S00949,Kfz,2022-05-11,5660,2,Leipzig,1,True
K0514,2021-10-29,S00514,Kfz,2023-08-31,4260,1,Berlin,1,False
K0551,2023-10-12,S00551,Kfz,2023-11-01,1226,1,Frankfurt,2,False
K0800,2022-09-24,S00800,Hausrat,2022-11-02,909,2,Dortmund,2,False
K0219,2022-11-21,S00219,Kfz,2023-07-20,3949,1,Essen,1,False
K0016,2022-02-17,S00016,Hausrat,2022-11-16,2625,1,Hannover,1,False
K0352,2021-05-22,S00352,Haftpflichtversicherung,2022-05-04,4533,0,Düsseldorf,1,False
K0403,2022-09-12,S00403,Haftpflichtversicherung,2023-07-29,3211,1,Stuttgart,2,False
K0709,2022-05-17,S00709,Haftpflichtversicherung,2023-06-29,4176,0,Dresden,3,False
K0410,2021-10-23,S00410,Kfz,2023-08-20,653,1,Düsseldorf,2,False
K0120,2023-06-25,S00120,Kfz,2023-07-16,4929,0,Stuttgart,2,False
K0325,2022-11-06,S00325,Hausrat,2023-04-24,4195,1,Düsseldorf,2,False
K0239,2021-11-02,S00239,Haftpflichtversicherung,2023-09-24,701,2,Düsseldorf,2,False
K0358,2021-08-13,S00358,Hausrat,2023-02-11,2551,1,Berlin,2,False
K0144,2022-07-28,S00144,Kfz,2023-08-22,1818,1,Dortmund,2,False
K0700,2023-09-13,S00700,Haftpflichtversicherung,2023-10-24,2355,1,Dresden,1,False
K0119,2023-03-16,S00119,Hausrat,2023-11-21,2469,0,Nürnberg,2,False
K0432,2021-09-25,S00432,Kfz,2023-04-03,829,1,Düsseldorf,2,False
K0345,2022-11-05,S00345,Kfz,2022-11-24,4723,0,Dresden,2,False
K0804,2023-05-07,S00804,Hausrat,2023-10-13,2634,1,Dortmund,1,False
K0941,2021-12-29,S00941,Hausrat,2022-01-21,9133,3,Düsseldorf,3,True
K0990,2021-06-08,S00990,Hausrat,2021-06-29,8874,1,Frankfurt,2,True
K0617,2021-07-18,S00617,Haftpflichtversicherung,2023-04-26,1056,1,Nürnberg,2,False
K0683,2021-09-19,S00683,Kfz,2023-08-21,3655,1,Stuttgart,2,False
K0997,2022-05-25,S00997,Hausrat,2022-06-07,3911,2,Hannover,2,True
K0175,2023-06-09,S00175,Kfz,2023-08-07,3145,0,Bremen,2,False
K0781,2022-08-19,S00781,Kfz,2023-09-06,3644,0,Essen,1,False
K0742,2021-04-18,S00742,Haftpflichtversicherung,2021-07-20,4066,0,Essen,2,False
K0451,2021-10-06,S00451,Kfz,2022-12-25,3859,0,Hannover,3,False
K0202,2021-11-20,S00202,Kfz,2022-03-01,2943,1,Stuttgart,1,False
K0762,2022-11-06,S00762,Kfz,2023-12-01,3348,0,Berlin,3,False
K0217,2023-03-02,S00217,Haftpflichtversicherung,2023-04-23,3556,2,Essen,3,False
K0257,2023-11-05,S00257,Kfz,2023-12-04,4658,0,Bremen,2,False
K0650,2021-08-22,S00650,Haftpflichtversicherung,2022-02-09,1765,2,Essen,2,False
K0919,2021-10-15,S00919,Kfz,2021-10-20,8402,3,Stuttgart,1,True
K0607,2022-01-04,S00607,Hausrat,2022-11-07,3739,2,Leipzig,3,False
K0782,2023-04-08,S00782,Hausrat,2023-04-23,2770,2,Frankfurt,1,False
K0769,2022-10-01,S00769,Haftpflichtversicherung,2022-10-25,2209,1,Leipzig,1,False
K0429,2023-06-06,S00429,Haftpflichtversicherung,2023-08-29,3615,1,Essen,1,False
K0668,2022-01-20,S00668,Kfz,2022-03-19,3494,2,Nürnberg,1,False
K0877,2022-04-26,S00877,Hausrat,2023-02-21,3716,0,Hamburg,1,False
K0303,2021-12-16,S00303,Kfz,2022-12-19,4908,0,Stuttgart,1,False
K0843,2022-04-23,S00843,Hausrat,2023-05-12,3125,2,München,1,False
K0772,2021-08-31,S00772,Kfz,2022-11-16,3541,0,München,1,False
K0185,2023-02-14,S00185,Kfz,2023-04-30,4256,2,Düsseldorf,2,False
K0336,2022-07-05,S00336,Kfz,2023-03-13,2055,2,Dresden,1,False
K0237,2021-03-13,S00237,Hausrat,2023-07-05,4002,1,Hannover,1,False
K0816,2022-12-24,S00816,Haftpflichtversicherung,2023-10-10,2856,2,Düsseldorf,3,False
K0261,2022-04-15,S00261,Hausrat,2022-10-17,1466,2,Hannover,3,False
K0776,2022-11-22,S00776,Haftpflichtversicherung,2023-02-18,2395,1,Dortmund,2,False
K0612,2021-07-20,S00612,Kfz,2022-01-16,2216,1,Hannover,2,False
K0376,2021-12-19,S00376,Kfz,2022-03-10,4763,1,Leipzig,2,False
K0635,2022-10-02,S00635,Kfz,2023-08-11,1636,2,Frankfurt,2,False
K0279,2021-09-05,S00279,Kfz,2022-10-02,3217,0,Stuttgart,1,False
K0040,2023-01-22,S00040,Kfz,2023-12-06,4706,1,Berlin,2,False
K0291,2023-01-01,S00291,Kfz,2023-12-17,1446,0,Dresden,2,False
K0359,2022-10-30,S00359,Kfz,2023-03-03,941,0,Nürnberg,1,False
K0203,2022-10-11,S00203,Hausrat,2023-06-23,2765,1,Bremen,1,False
K0300,2021-07-12,S00300,Haftpflichtversicherung,2023-03-02,3962,1,Nürnberg,1,False
K0050,2022-02-28,S00050,Hausrat,2022-07-25,1376,2,Stuttgart,3,False
K0169,2023-04-05,S00169,Hausrat,2023-08-02,3097,2,Hamburg,2,False
K0582,2023-03-07,S00582,Haftpflichtversicherung,2023-10-30,1483,2,Hannover,2,False
K0598,2022-12-24,S00598,Haftpflichtversicherung,2023-11-16,3245,2,Dortmund,2,False
K0763,2021-05-11,S00763,Hausrat,2022-01-27,4544,1,Bremen,2,False
K0676,2022-10-09,S00676,Kfz,2023-06-02,3842,1,Leipzig,2,False
K0516,2022-10-28,S00516,Haftpflichtversicherung,2023-03-08,4000,1,Stuttgart,3,False
K0372,2022-12-21,S00372,Haftpflichtversicherung,2023-11-28,841,0,Düsseldorf,3,False
K0861,2023-03-21,S00861,Haftpflichtversicherung,2023-03-26,1439,1,Hamburg,1,False
K0639,2022-02-07,S00639,Haftpflichtversicherung,2023-05-30,3014,1,Leipzig,2,False
K0959,2021-07-12,S00959,Kfz,2021-07-28,6981,2,Hamburg,1,True
K0788,2022-08-29,S00788,Kfz,2023-08-11,3889,1,Hannover,1,False
K0504,2021-08-23,S00504,Kfz,2023-03-06,4011,1,Essen,1,False
K0412,2023-08-13,S00412,Hausrat,2023-09-23,2620,1,Leipzig,2,False
K0102,2022-03-10,S00102,Haftpflichtversicherung,2022-05-25,2560,0,Frankfurt,2,False
K0005,2022-12-20,S00005,Kfz,2023-08-04,4643,0,München,2,False
K0558,2021-11-19,S00558,Haftpflichtversicherung,2022-11-08,3237,1,Nürnberg,1,False
K0179,2021-06-15,S00179,Kfz,2023-02-07,3353,2,Frankfurt,2,False
K0977,2022-06-24,S00977,Kfz,2022-07-20,5988,3,Bremen,2,True
K0995,2022-07-20,S00995,Hausrat,2022-07-31,7805,2,Dresden,2,True
K0454,2021-08-02,S00454,Kfz,2023-07-10,3657,0,Essen,2,False
K0543,2022-01-06,S00543,Kfz,2022-09-20,1324,2,München,2,False
K0042,2022-03-17,S00042,Haftpflichtversicherung,2023-06-28,4507,1,Frankfurt,3,False
K0449,2022-01-23,S00449,Kfz,2022-11-29,988,0,Stuttgart,2,False
K0879,2022-03-16,S00879,Hausrat,2022-10-06,4428,1,Hamburg,1,False
K0829,2022-07-03,S00829,Hausrat,2023-08-01,1402,2,Bremen,2,False
K0411,2021-11-27,S00411,Hausrat,2023-04-06,2024,1,Düsseldorf,2,False
K0761,2022-03-20,S00761,Kfz,2022-07-08,501,2,Stuttgart,1,False
K0398,2022-11-21,S00398,Haftpflichtversicherung,2023-03-23,3354,1,München,1,False
K0168,2022-03-11,S00168,Kfz,2023-04-06,2704,2,Dortmund,1,False
K0423,2022-05-14,S00423,Kfz,2023-12-21,671,2,Hamburg,2,False
K0033,2022-06-16,S00033,Hausrat,2023-06-19,3783,1,Bremen,3,False
K0688,2023-01-02,S00688,Hausrat,2023-10-24,3953,1,Dresden,2,False
K0572,2021-10-26,S00572,Haftpflichtversicherung,2022-08-25,2140,1,München,2,False
K0579,2022-01-06,S00579,Hausrat,2023-12-24,2060,2,Bremen,3,False
K0895,2022-02-10,S00895,Hausrat,2022-12-10,2493,1,Frankfurt,1,False
K0950,2021-09-10,S00950,Kfz,2021-10-02,5172,3,Düsseldorf,1,True
K0118,2022-07-01,S00118,Haftpflichtversicherung,2023-08-11,735,1,Bremen,2,False
K0801,2022-06-19,S00801,Hausrat,2023-03-28,1394,1,Düsseldorf,2,False
K0402,2021-11-24,S00402,Haftpflichtversicherung,2021-12-03,4650,0,München,3,False
K0601,2023-04-03,S00601,Haftpflichtversicherung,2023-04-29,4430,0,Essen,1,False
K0496,2022-01-30,S00496,Hausrat,2023-10-13,3712,2,Hannover,1,False
K0485,2022-05-15,S00485,Hausrat,2023-10-06,4611,2,Essen,1,False
K0379,2023-01-11,S00379,Haftpflichtversicherung,2023-06-07,3453,0,Frankfurt,1,False
K0350,2022-12-23,S00350,Haftpflichtversicherung,2023-04-20,3073,0,Stuttgart,1,False
K0512,2022-05-19,S00512,Haftpflichtversicherung,2023-05-15,4984,0,München,3,False
K0054,2023-01-02,S00054,Hausrat,2023-04-25,1960,0,Hannover,1,False
K0934,2022-05-02,S00934,Hausrat,2022-05-07,8807,3,Berlin,2,True
K0035,2021-07-05,S00035,Hausrat,2023-04-02,566,0,Dresden,1,False
K0310,2023-01-11,S00310,Kfz,2023-05-20,3554,2,Hannover,2,False
K0281,2023-01-26,S00281,Haftpflichtversicherung,2023-12-30,3876,1,Berlin,2,False
K0540,2021-08-01,S00540,Hausrat,2023-06-30,1889,0,Dortmund,1,False
K0043,2021-08-16,S00043,Kfz,2023-12-23,2972,0,Dortmund,1,False
K0780,2023-11-27,S00780,Kfz,2023-12-06,2556,0,Nürnberg,3,False
K0278,2023-07-09,S00278,Kfz,2023-12-17,2579,0,Hamburg,2,False
K0455,2021-11-11,S00455,Haftpflichtversicherung,2022-02-19,4845,2,Hannover,1,False
K0855,2023-09-05,S00855,Hausrat,2023-12-30,4123,2,Leipzig,1,False
K0210,2022-02-18,S00210,Kfz,2023-11-23,3230,2,Dresden,3,False
K0415,2021-12-31,S00415,Kfz,2023-10-24,560,1,Hannover,1,False
K0774,2022-08-25,S00774,Kfz,2022-09-15,1386,2,Berlin,1,False
K0238,2021-07-19,S00238,Haftpflichtversicherung,2022-06-01,1832,0,Leipzig,2,False
K0128,2022-11-05,S00128,Haftpflichtversicherung,2023-12-14,3465,2,Dresden,3,False
K0287,2022-06-11,S00287,Hausrat,2023-09-06,3557,1,Leipzig,1,False
K0149,2021-05-07,S00149,Kfz,2021-06-11,3212,1,Frankfurt,1,False
K0139,2022-08-03,S00139,Kfz,2023-08-12,1565,0,Berlin,3,False
K0489,2021-08-26,S00489,Kfz,2023-09-15,810,1,Dortmund,1,False
K0975,2021-04-17,S00975,Kfz,2021-04-30,5776,1,Bremen,2,True
K0823,2021-11-13,S00823,Hausrat,2022-02-14,3420,1,Frankfurt,2,False
K0001,2021-09-21,S00001,Kfz,2022-07-21,2761,0,Dresden,3,False
K0876,2023-04-08,S00876,Kfz,2023-09-23,4314,2,Dresden,1,False
K0095,2022-03-14,S00095,Kfz,2023-05-14,4244,1,München,3,False
K0397,2023-01-30,S00397,Haftpflichtversicherung,2023-04-30,686,2,Berlin,2,False
K0526,2021-05-22,S00526,Haftpflichtversicherung,2021-12-14,1463,1,Nürnberg,2,False
K0592,2022-07-28,S00592,Hausrat,2022-12-11,4536,0,Nürnberg,3,False
K0818,2023-02-02,S00818,Haftpflichtversicherung,2023-11-06,806,2,Dresden,2,False
K0301,2022-01-26,S00301,Kfz,2023-02-05,3579,1,Nürnberg,3,False
K0625,2023-01-03,S00625,Hausrat,2023-10-02,2629,2,Hamburg,2,False
K0107,2022-03-03,S00107,Haftpflichtversicherung,2023-07-30,2876,2,Dortmund,3,False
K0458,2021-05-17,S00458,Hausrat,2023-12-09,4930,0,München,1,False
K0180,2022-02-22,S00180,Kfz,2022-11-29,3728,2,Dresden,1,False
K0022,2023-03-25,S00022,Hausrat,2023-06-18,2031,0,Nürnberg,1,False
K0186,2023-02-10,S00186,Haftpflichtversicherung,2023-06-22,4725,2,Berlin,2,False
K0364,2023-01-18,S00364,Haftpflichtversicherung,2023-09-22,1304,1,Essen,2,False
K0958,2021-02-06,S00958,Kfz,2021-03-06,4751,3,Hannover,3,True
K0730,2021-11-05,S00730,Haftpflichtversicherung,2023-12-10,616,1,Bremen,3,False
K0672,2021-04-06,S00672,Kfz,2023-09-15,1953,2,Düsseldorf,1,False
K0471,2022-02-06,S00471,Hausrat,2023-01-19,4061,1,Dortmund,1,False
K0600,2022-02-12,S00600,Kfz,2022-06-10,3611,0,Frankfurt,2,False
K0739,2022-02-01,S00739,Hausrat,2023-05-27,2513,2,Essen,1,False
K0025,2021-12-30,S00025,Kfz,2022-03-18,3586,1,Frankfurt,2,False
K0712,2021-07-05,S00712,Kfz,2021-11-27,1090,2,Hamburg,3,False
K0053,2022-12-22,S00053,Kfz,2023-04-17,1812,1,Leipzig,3,False
K0060,2021-05-31,S00060,Hausrat,2023-10-29,3921,0,Berlin,1,False
K0842,2023-02-05,S00842,Haftpflichtversicherung,2023-08-28,4311,1,Leipzig,3,False
K0276,2023-01-14,S00276,Haftpflichtversicherung,2023-10-27,1222,0,München,2,False
K0218,2021-10-31,S00218,Kfz,2022-11-10,1103,0,Bremen,1,False
K0884,2022-01-02,S00884,Hausrat,2022-04-05,4856,2,München,3,False
K0320,2023-03-30,S00320,Kfz,2023-10-19,4925,1,Dresden,2,False
K0390,2021-10-16,S00390,Hausrat,2021-10-31,3366,1,Essen,1,False
K0340,2022-11-02,S00340,Kfz,2023-03-18,3401,0,Berlin,1,False
K0669,2023-07-27,S00669,Haftpflichtversicherung,2023-12-12,3006,1,Essen,2,False
K0881,2023-01-07,S00881,Haftpflichtversicherung,2023-03-12,527,1,Dresden,2,False
K0914,2022-05-21,S00914,Kfz,2022-06-01,4260,2,Stuttgart,3,True
K0056,2022-05-29,S00056,Haftpflichtversicherung,2023-06-11,2824,1,Nürnberg,2,False
K0561,2021-07-05,S00561,Hausrat,2023-05-25,502,1,Frankfurt,1,False
K0910,2022-10-02,S00910,Hausrat,2022-10-27,3553,1,Essen,1,True
K0109,2022-09-06,S00109,Hausrat,2023-08-17,3324,2,Hannover,1,False
K0206,2021-10-03,S00206,Hausrat,2022-06-29,3781,1,Dresden,2,False
K0839,2021-07-30,S00839,Kfz,2023-03-21,1455,0,Leipzig,1,False
K0618,2022-07-15,S00618,Hausrat,2023-08-10,1325,1,Stuttgart,2,False
K0503,2023-02-01,S00503,Hausrat,2023-12-25,771,2,Frankfurt,3,False
K0538,2021-10-15,S00538,Hausrat,2022-10-31,1384,0,Dresden,3,False
K0585,2022-02-26,S00585,Kfz,2022-06-17,4472,0,Essen,3,False
K0906,2021-01-19,S00906,Kfz,2021-02-07,3844,2,Stuttgart,2,True
K0030,2022-10-02,S00030,Hausrat,2023-06-01,1796,0,Stuttgart,2,False
K0525,2022-11-11,S00525,Kfz,2022-11-24,4994,0,Berlin,2,False
K0745,2021-08-28,S00745,Haftpflichtversicherung,2023-05-25,1228,1,München,2,False
K0696,2021-02-19,S00696,Haftpflichtversicherung,2022-12-23,1433,0,Stuttgart,3,False
K0211,2022-10-01,S00211,Kfz,2023-08-10,4031,2,Düsseldorf,3,False
K0802,2022-06-19,S00802,Hausrat,2023-02-01,1014,0,Hamburg,1,False
K0417,2023-05-18,S00417,Hausrat,2023-10-31,2139,2,Düsseldorf,1,False
K0061,2023-11-05,S00061,Kfz,2023-11-10,4017,2,München,3,False
K0792,2022-06-24,S00792,Kfz,2023-10-13,2930,1,Frankfurt,2,False
K0315,2023-03-02,S00315,Hausrat,2023-08-04,4483,0,Frankfurt,1,False
K0475,2023-02-24,S00475,Kfz,2023-09-22,3167,1,Frankfurt,2,False
K0920,2022-12-26,S00920,Hausrat,2022-12-29,8672,3,Frankfurt,1,True
K0082,2023-08-07,S00082,Hausrat,2023-09-12,3262,2,Hamburg,1,False
K0632,2021-11-13,S00632,Haftpflichtversicherung,2021-12-30,2485,0,Düsseldorf,1,False
K0947,2021-10-23,S00947,Hausrat,2021-11-07,3526,3,Essen,1,True
K0758,2022-05-02,S00758,Haftpflichtversicherung,2023-03-10,1213,2,Dresden,1,False
K0832,2021-07-12,S00832,Hausrat,2022-11-29,2477,2,Bremen,2,False
K0820,2021-10-05,S00820,Kfz,2022-02-01,2489,2,Essen,2,False
K0883,2022-03-22,S00883,Kfz,2022-06-30,1752,0,Stuttgart,2,False
K0019,2022-12-17,S00019,Hausrat,2023-04-17,2146,0,Frankfurt,1,False
K0764,2022-11-11,S00764,Kfz,2023-08-14,2449,2,Dortmund,3,False
K0197,2021-06-30,S00197,Haftpflichtversicherung,2021-11-16,3705,0,München,2,False
K0646,2022-06-26,S00646,Kfz,2023-07-29,1745,2,München,1,False
K0589,2022-03-10,S00589,Hausrat,2023-06-18,2211,2,Stuttgart,1,False
K0566,2022-03-11,S00566,Kfz,2023-03-26,3660,0,Dresden,2,False
K0331,2022-11-24,S00331,Kfz,2023-11-03,2420,1,Hannover,2,False
K0809,2022-02-17,S00809,Hausrat,2023-08-25,2669,0,Hannover,1,False
K0967,2022-09-15,S00967,Kfz,2022-09-22,7131,1,Bremen,3,True
K0741,2021-05-25,S00741,Hausrat,2023-01-17,1889,0,Düsseldorf,3,False
K0898,2022-02-27,S00898,Hausrat,2022-08-05,1780,1,Dresden,3,False
K0535,2022-10-27,S00535,Hausrat,2023-05-28,3915,1,Stuttgart,2,False
K0658,2022-12-18,S00658,Haftpflichtversicherung,2023-11-19,1186,1,Hannover,1,False
K0051,2021-07-09,S00051,Kfz,2021-10-19,4312,1,Hannover,2,False
K0624,2022-05-12,S00624,Kfz,2023-09-26,4498,1,Hannover,3,False
K0907,2022-12-07,S00907,Hausrat,2022-12-14,4015,3,Leipzig,3,True
K0192,2021-02-21,S00192,Kfz,2023-06-07,2616,1,Dortmund,3,False
K0437,2021-08-13,S00437,Kfz,2022-05-27,4163,1,Essen,3,False
K0787,2022-07-29,S00787,Hausrat,2022-09-01,2213,0,Hamburg,1,False
K0262,2022-11-04,S00262,Haftpflichtversicherung,2023-10-24,3932,0,Stuttgart,1,False
K0442,2023-04-01,S00442,Hausrat,2023-10-08,3652,2,Nürnberg,2,False
K0420,2022-03-15,S00420,Haftpflichtversicherung,2022-10-24,4069,1,Berlin,3,False
K0247,2022-09-17,S00247,Haftpflichtversicherung,2023-05-03,3781,2,Essen,2,False
K0070,2021-07-24,S00070,Haftpflichtversicherung,2022-10-23,3095,2,Berlin,1,False
K0904,2022-12-23,S00904,Hausrat,2022-12-29,7903,1,Dresden,2,True
K0195,2023-06-23,S00195,Hausrat,2023-09-24,3419,1,Stuttgart,3,False
K0313,2022-02-26,S00313,Hausrat,2022-06-08,3691,2,Stuttgart,3,False
K0353,2022-04-24,S00353,Kfz,2023-05-06,736,2,Berlin,2,False
K0249,2023-06-06,S00249,Haftpflichtversicherung,2023-10-24,917,1,Bremen,1,False
K0285,2022-05-24,S00285,Haftpflichtversicherung,2023-05-27,2565,2,Berlin,2,False
K0868,2023-05-04,S00868,Haftpflichtversicherung,2023-05-20,2865,1,Stuttgart,3,False
K0406,2023-05-27,S00406,Kfz,2023-09-06,2262,0,Hannover,2,False
K0759,2021-11-16,S00759,Haftpflichtversicherung,2022-08-26,1435,2,Bremen,2,False
K0929,2021-04-04,S00929,Hausrat,2021-04-07,7296,3,Frankfurt,1,True
K0647,2022-08-28,S00647,Kfz,2022-10-30,2584,1,Düsseldorf,3,False
K0294,2022-01-20,S00294,Kfz,2023-05-01,1981,0,Nürnberg,2,False
K0590,2022-03-20,S00590,Haftpflichtversicherung,2022-06-22,3520,0,Leipzig,3,False
K0228,2021-11-08,S00228,Haftpflichtversicherung,2023-09-18,3917,2,Dortmund,1,False
K0430,2023-04-06,S00430,Haftpflichtversicherung,2023-07-24,4590,0,Hamburg,2,False
K0740,2022-01-27,S00740,Hausrat,2023-11-16,4933,1,Frankfurt,1,False
K0459,2023-02-27,S00459,Kfz,2023-12-30,1128,2,München,2,False
K0766,2021-12-29,S00766,Haftpflichtversicherung,2022-01-20,3674,1,Berlin,2,False
K0523,2023-03-02,S00523,Haftpflichtversicherung,2023-03-28,1204,1,Düsseldorf,2,False
K0916,2022-08-14,S00916,Kfz,2022-08-27,7563,3,Nürnberg,3,True
K0361,2022-06-02,S00361,Haftpflichtversicherung,2023-05-10,3680,0,Berlin,3,False
K0886,2022-10-22,S00886,Kfz,2023-02-24,4523,0,Düsseldorf,2,False
K0569,2022-02-20,S00569,Kfz,2022-06-29,1880,1,Dortmund,1,False
K0289,2023-03-23,S00289,Haftpflichtversicherung,2023-07-07,2661,1,Berlin,1,False
K0641,2022-01-01,S00641,Kfz,2022-03-13,1747,2,Frankfurt,2,False
K0867,2023-01-06,S00867,Haftpflichtversicherung,2023-10-17,3552,0,Hannover,1,False
K0187,2022-07-03,S00187,Haftpflichtversicherung,2023-02-01,594,0,Essen,3,False
K0227,2022-02-15,S00227,Haftpflichtversicherung,2023-10-09,3976,1,Hannover,2,False
K0805,2022-05-01,S00805,Haftpflichtversicherung,2022-12-09,4095,1,Leipzig,1,False
K0736,2022-02-12,S00736,Haftpflichtversicherung,2022-10-09,4667,1,Bremen,2,False
K0651,2022-04-03,S00651,Kfz,2023-03-06,1540,0,Berlin,2,False
K0976,2021-06-08,S00976,Hausrat,2021-06-15,4119,3,Dresden,1,True
K0160,2022-10-24,S00160,Haftpflichtversicherung,2023-01-08,697,0,Hannover,2,False
K0031,2021-11-25,S00031,Haftpflichtversicherung,2023-07-29,625,0,Dortmund,3,False
K0584,2022-07-22,S00584,Kfz,2022-07-25,4633,2,Stuttgart,2,False
K0933,2022-01-16,S00933,Hausrat,2022-01-21,6809,2,Essen,1,True
K0574,2022-03-14,S00574,Hausrat,2022-08-10,1487,1,Nürnberg,2,False
K0695,2023-02-20,S00695,Hausrat,2023-04-28,4463,1,Dresden,3,False
K0124,2022-01-29,S00124,Haftpflichtversicherung,2023-08-06,3135,2,Frankfurt,2,False
K0259,2022-07-10,S00259,Kfz,2023-03-24,2703,1,Frankfurt,1,False
K0687,2022-04-11,S00687,Kfz,2022-10-07,3396,1,Leipzig,2,False
K0638,2022-03-10,S00638,Hausrat,2022-07-01,1507,1,Leipzig,1,False
K0531,2023-06-02,S00531,Hausrat,2023-11-19,4568,0,Bremen,3,False
K0460,2021-06-24,S00460,Kfz,2023-11-29,4732,1,Essen,1,False
K0563,2022-10-10,S00563,Haftpflichtversicherung,2022-10-24,4569,0,Stuttgart,1,False
K0448,2021-08-22,S00448,Haftpflichtversicherung,2022-01-04,4493,1,Nürnberg,1,False
K0694,2022-03-24,S00694,Kfz,2022-04-09,2182,1,Stuttgart,2,False
K0017,2023-02-13,S00017,Hausrat,2023-08-16,3787,0,München,1,False
K0096,2023-02-24,S00096,Kfz,2023-06-26,1401,1,Leipzig,2,False
K0685,2021-08-02,S00685,Kfz,2023-03-28,4030,2,Bremen,1,False
K0250,2022-12-26,S00250,Haftpflichtversicherung,2023-06-10,4100,2,Düsseldorf,1,False
K0421,2022-08-22,S00421,Kfz,2022-08-31,1752,2,Hamburg,1,False
K0156,2021-06-28,S00156,Haftpflichtversicherung,2021-12-24,2651,1,Berlin,2,False
K0778,2022-10-02,S00778,Haftpflichtversicherung,2023-02-15,1134,1,Berlin,2,False
K0161,2023-03-16,S00161,Haftpflichtversicherung,2023-04-12,3126,1,Düsseldorf,1,False
K0277,2023-01-03,S00277,Haftpflichtversicherung,2023-03-09,3889,1,Hamburg,2,False
K0826,2022-10-12,S00826,Haftpflichtversicherung,2023-10-27,1254,0,Hannover,1,False
K0319,2022-11-08,S00319,Hausrat,2023-06-12,1443,0,Stuttgart,2,False
K0341,2023-01-30,S00341,Hausrat,2023-10-27,1887,0,Hamburg,1,False
K0099,2023-04-08,S00099,Kfz,2023-06-06,760,0,Bremen,3,False
K0362,2021-09-30,S00362,Hausrat,2023-11-03,3157,1,Nürnberg,3,False
K0264,2022-12-29,S00264,Hausrat,2023-01-31,4743,1,Hamburg,1,False
K0321,2021-02-01,S00321,Haftpflichtversicherung,2023-10-05,1274,1,Bremen,2,False
K0184,2021-04-25,S00184,Kfz,2022-07-29,3391,2,Düsseldorf,2,False
K0425,2022-01-25,S00425,Haftpflichtversicherung,2023-01-31,4049,1,Leipzig,2,False
K0660,2021-11-17,S00660,Haftpflichtversicherung,2023-04-27,4247,1,Düsseldorf,1,False
K0200,2023-04-18,S00200,Kfz,2023-06-13,2849,1,Dresden,3,False
K0564,2021-12-30,S00564,Haftpflichtversicherung,2023-04-07,1392,0,Frankfurt,2,False
K0104,2023-04-01,S00104,Haftpflichtversicherung,2023-12-15,2119,0,Frankfurt,1,False
K0306,2022-10-19,S00306,Kfz,2023-02-10,827,0,Essen,3,False
K0971,2022-12-14,S00971,Hausrat,2023-01-06,5686,3,Düsseldorf,1,True
K0447,2021-08-16,S00447,Haftpflichtversicherung,2021-09-30,4142,0,München,3,False
K0893,2022-09-27,S00893,Hausrat,2023-10-05,769,2,Stuttgart,1,False
K0702,2022-03-14,S00702,Kfz,2023-08-30,1292,2,Nürnberg,1,False
K0644,2023-07-10,S00644,Haftpflichtversicherung,2023-09-26,1071,0,Dresden,1,False
K0472,2021-06-18,S00472,Haftpflichtversicherung,2022-10-01,1114,1,Dresden,2,False
K0664,2021-10-28,S00664,Hausrat,2023-08-18,528,2,Leipzig,3,False
K0080,2023-05-15,S00080,Haftpflichtversicherung,2023-05-23,4789,2,Hamburg,1,False
K0389,2023-06-19,S00389,Kfz,2023-07-05,4276,2,Stuttgart,1,False
K0349,2022-05-02,S00349,Haftpflichtversicherung,2023-09-05,3780,1,Düsseldorf,3,False
K0597,2023-06-04,S00597,Kfz,2023-09-15,2662,2,Berlin,2,False
K0422,2022-02-12,S00422,Kfz,2023-04-25,4703,1,Dresden,1,False
K0511,2021-12-15,S00511,Hausrat,2023-11-18,4935,2,Bremen,1,False
K0131,2022-10-04,S00131,Kfz,2022-11-29,1372,2,Berlin,1,False
K0654,2023-05-24,S00654,Haftpflichtversicherung,2023-09-27,3252,0,Düsseldorf,1,False
K0441,2022-07-05,S00441,Haftpflichtversicherung,2023-10-03,3208,2,München,3,False
K0335,2023-01-29,S00335,Kfz,2023-03-08,4991,1,Hamburg,2,False
K0615,2023-08-16,S00615,Kfz,2023-09-06,4238,1,Hamburg,2,False
K0931,2021-03-21,S00931,Kfz,2021-04-08,4887,1,Nürnberg,2,True
K0955,2021-08-10,S00955,Kfz,2021-09-01,5669,2,Dresden,1,True
K0127,2022-06-14,S00127,Kfz,2022-11-13,3891,1,Leipzig,1,False
K0981,2021-04-18,S00981,Kfz,2021-04-26,3194,3,Hannover,2,True
K0946,2022-12-14,S00946,Kfz,2022-12-31,8197,3,Hannover,2,True
K0705,2022-08-18,S00705,Hausrat,2023-01-06,2755,0,Dortmund,1,False
K0680,2021-09-01,S00680,Kfz,2023-06-03,1598,0,Frankfurt,1,False
K0290,2022-02-19,S00290,Hausrat,2023-11-30,3793,1,Bremen,2,False
K0021,2022-05-20,S00021,Kfz,2023-12-03,3297,0,Berlin,2,False
K0901,2022-12-29,S00901,Kfz,2023-01-18,7873,3,Dortmund,3,True
K0444,2021-07-11,S00444,Hausrat,2022-06-09,2921,1,München,1,False
K0822,2022-08-13,S00822,Hausrat,2023-02-25,811,0,Frankfurt,1,False
K0796,2022-03-22,S00796,Kfz,2023-11-24,1399,2,Hamburg,1,False
K0092,2022-08-16,S00092,Kfz,2023-05-15,2417,0,Berlin,2,False
K0093,2021-09-20,S00093,Haftpflichtversicherung,2022-07-19,4734,1,Stuttgart,3,False
K0356,2022-08-15,S00356,Kfz,2023-04-05,1801,2,Dresden,3,False
K0864,2023-05-30,S00864,Haftpflichtversicherung,2023-10-07,874,0,München,3,False
K0385,2022-01-29,S00385,Hausrat,2023-10-11,4129,0,Stuttgart,2,False
K0836,2021-08-13,S00836,Haftpflichtversicherung,2022-10-28,3279,0,Leipzig,1,False
K0824,2022-08-04,S00824,Haftpflichtversicherung,2022-11-14,1582,0,Dortmund,1,False
K0391,2022-08-27,S00391,Haftpflichtversicherung,2023-10-08,3863,1,Dresden,2,False
K0871,2022-08-22,S00871,Hausrat,2023-08-17,2146,1,Berlin,3,False
K0476,2023-02-14,S00476,Kfz,2023-04-14,630,2,Dresden,2,False
K0544,2022-02-14,S00544,Haftpflichtversicherung,2023-12-17,2765,0,Frankfurt,1,False
K0081,2023-09-13,S00081,Kfz,2023-12-06,1346,0,Nürnberg,2,False
K0097,2022-11-13,S00097,Haftpflichtversicherung,2023-12-12,2539,1,Düsseldorf,2,False
K0986,2022-06-26,S00986,Hausrat,2022-07-23,9842,1,Frankfurt,1,True
K0965,2022-06-17,S00965,Kfz,2022-06-18,9135,1,Leipzig,2,True
K0828,2022-12-14,S00828,Hausrat,2023-08-03,852,2,Bremen,3,False
K0817,2021-12-26,S00817,Haftpflichtversicherung,2022-08-17,2835,0,Stuttgart,1,False
K0555,2023-05-19,S00555,Hausrat,2023-09-02,2096,0,Essen,2,False
K0573,2022-04-20,S00573,Kfz,2023-04-03,3182,1,Frankfurt,1,False
K0785,2022-11-19,S00785,Kfz,2023-07-10,1215,1,Nürnberg,1,False
K0255,2021-03-03,S00255,Haftpflichtversicherung,2023-05-29,4072,2,Düsseldorf,2,False
K0814,2022-02-22,S00814,Kfz,2023-04-24,4304,0,Bremen,2,False
K0487,2021-10-25,S00487,Kfz,2023-11-12,1631,0,Frankfurt,3,False
K0961,2022-05-01,S00961,Kfz,2022-05-15,8247,3,Hamburg,2,True
K0577,2021-05-28,S00577,Hausrat,2022-04-14,4765,2,Nürnberg,2,False
K0754,2022-11-01,S00754,Hausrat,2023-06-08,3436,0,Stuttgart,2,False
K0270,2021-09-12,S00270,Kfz,2022-07-30,2259,0,München,3,False
K0026,2022-03-23,S00026,Kfz,2022-12-10,2575,0,Hannover,3,False
K0942,2021-10-09,S00942,Hausrat,2021-10-26,8018,1,Bremen,1,True
K0334,2022-01-16,S00334,Haftpflichtversicherung,2022-06-22,3690,2,Hamburg,3,False
K0773,2021-05-22,S00773,Haftpflichtversicherung,2023-04-26,605,1,Essen,2,False
K0860,2021-07-08,S00860,Hausrat,2022-11-06,3869,1,München,1,False
K0798,2021-10-08,S00798,Haftpflichtversicherung,2021-12-16,3885,2,Berlin,2,False
K0023,2022-07-10,S00023,Hausrat,2022-10-12,3845,2,Nürnberg,2,False
K0851,2022-05-03,S00851,Kfz,2022-07-30,4781,1,Dortmund,2,False
K0414,2022-03-08,S00414,Hausrat,2022-06-12,1740,2,Hamburg,2,False
K0316,2022-06-30,S00316,Hausrat,2023-09-16,664,1,Dresden,1,False
K0850,2023-02-12,S00850,Hausrat,2023-04-03,1894,0,Berlin,1,False
K0939,2022-08-01,S00939,Hausrat,2022-08-11,8554,1,Berlin,2,True
K0446,2022-08-10,S00446,Hausrat,2023-09-30,4226,0,Essen,1,False
K0630,2023-02-03,S00630,Kfz,2023-04-11,2047,1,Bremen,1,False
K0115,2022-10-22,S00115,Hausrat,2023-08-03,1618,2,Essen,2,False
K0445,2023-01-12,S00445,Kfz,2023-02-12,1209,0,Nürnberg,1,False
K0371,2021-09-09,S00371,Haftpflichtversicherung,2023-05-03,2122,1,Essen,2,False
K0002,2022-10-15,S00002,Haftpflichtversicherung,2023-07-30,2786,2,Düsseldorf,2,False
K0223,2022-03-27,S00223,Hausrat,2023-10-24,3868,2,Hamburg,2,False
K0559,2023-04-06,S00559,Kfz,2023-09-22,1349,1,Leipzig,1,False
K0388,2023-01-24,S00388,Kfz,2023-03-28,1886,1,Dortmund,1,False
K0797,2022-02-22,S00797,Hausrat,2023-04-19,3961,0,Hamburg,2,False
K0656,2022-06-29,S00656,Hausrat,2023-06-27,3691,2,Düsseldorf,3,False
K0719,2021-10-09,S00719,Haftpflichtversicherung,2023-08-22,4973,2,Essen,2,False
K0164,2022-03-22,S00164,Hausrat,2023-05-30,977,1,Frankfurt,2,False
K0483,2021-03-21,S00483,Hausrat,2023-08-27,1420,2,Berlin,1,False
K0678,2022-10-24,S00678,Kfz,2023-10-29,3344,0,Stuttgart,2,False
K0122,2022-03-08,S00122,Hausrat,2022-04-30,875,2,Berlin,1,False
K0552,2022-10-29,S00552,Kfz,2023-03-26,3236,1,Düsseldorf,1,False
K0086,2022-10-17,S00086,Haftpflichtversicherung,2023-08-21,724,0,Berlin,1,False
K0171,2022-12-12,S00171,Hausrat,2023-05-21,3568,1,Hannover,3,False
K0229,2023-02-25,S00229,Haftpflichtversicherung,2023-08-25,2145,2,Dortmund,3,False
K0463,2022-07-11,S00463,Kfz,2022-10-26,1326,1,Dortmund,2,False
K0753,2022-09-13,S00753,Kfz,2023-07-06,2948,1,Dresden,3,False
K0282,2021-09-10,S00282,Haftpflichtversicherung,2023-02-12,2000,0,Essen,3,False
K0627,2023-05-27,S00627,Hausrat,2023-07-21,3829,2,Leipzig,2,False
K0236,2021-03-13,S00236,Hausrat,2022-01-24,3208,0,München,2,False
K0998,2022-01-12,S00998,Hausrat,2022-01-24,8456,3,Dortmund,3,True
K0378,2021-11-22,S00378,Kfz,2023-03-31,954,1,Essen,1,False
K0755,2022-01-15,S00755,Haftpflichtversicherung,2022-09-02,3617,0,München,2,False
K0311,2022-05-29,S00311,Haftpflichtversicherung,2022-09-17,2643,1,Dortmund,2,False
K0199,2021-11-07,S00199,Kfz,2022-11-01,845,2,Dresden,1,False
K0686,2022-05-14,S00686,Haftpflichtversicherung,2023-12-05,4278,2,Berlin,2,False
K0963,2021-09-20,S00963,Hausrat,2021-10-06,7427,1,Düsseldorf,2,True
K0058,2022-01-21,S00058,Haftpflichtversicherung,2022-05-19,2105,1,München,1,False
K0786,2022-11-10,S00786,Kfz,2023-12-06,4411,2,Essen,1,False
K0835,2021-05-18,S00835,Haftpflichtversicherung,2022-02-28,903,2,Nürnberg,2,False
K0327,2023-03-05,S00327,Hausrat,2023-12-24,1414,1,Leipzig,1,False
K0221,2021-11-11,S00221,Haftpflichtversicherung,2022-07-01,4033,1,München,2,False
K0183,2022-02-18,S00183,Kfz,2023-05-04,2871,0,Dresden,1,False
K0565,2022-03-10,S00565,Hausrat,2023-10-06,2530,0,Frankfurt,1,False
K0729,2021-11-29,S00729,Hausrat,2023-08-28,1516,2,München,2,False
K0077,2022-01-01,S00077,Haftpflichtversicherung,2023-09-22,617,1,Essen,1,False
K0692,2021-09-04,S00692,Haftpflichtversicherung,2023-07-28,4526,0,Leipzig,1,False
K0165,2021-04-24,S00165,Kfz,2023-02-12,1754,0,Dortmund,3,False
K0767,2022-06-26,S00767,Kfz,2022-07-23,2741,1,Bremen,3,False
K0283,2022-03-01,S00283,Hausrat,2023-11-15,785,1,Dortmund,1,False
K0747,2021-10-13,S00747,Hausrat,2023-08-18,4697,1,Bremen,1,False
K0114,2022-10-22,S00114,Kfz,2023-12-21,4177,1,Nürnberg,3,False
K0382,2022-08-16,S00382,Kfz,2023-08-07,3469,2,Hamburg,2,False
K0873,2022-04-07,S00873,Haftpflichtversicherung,2023-01-06,2778,2,Hamburg,2,False
K0770,2023-05-05,S00770,Hausrat,2023-05-13,2669,0,München,2,False
K0151,2022-02-10,S00151,Kfz,2022-08-14,1748,1,Stuttgart,3,False
K0735,2021-06-14,S00735,Kfz,2022-03-21,3268,0,Essen,2,False
K0872,2023-09-22,S00872,Kfz,2023-12-21,513,1,Frankfurt,2,False
K0284,2022-11-16,S00284,Kfz,2023-12-12,3995,2,Dresden,2,False
K0771,2023-06-26,S00771,Kfz,2023-09-14,4738,1,Frankfurt,1,False
K0214,2022-10-01,S00214,Hausrat,2023-03-24,4376,0,Bremen,3,False
K0902,2021-08-08,S00902,Kfz,2021-08-22,3443,2,Essen,1,True
K0547,2023-03-19,S00547,Hausrat,2023-03-23,3053,0,Essen,1,False
K0733,2021-02-19,S00733,Hausrat,2022-02-26,894,0,München,2,False
K0521,2022-05-18,S00521,Kfz,2022-10-12,4888,0,Dortmund,1,False
K0915,2022-04-01,S00915,Hausrat,2022-04-28,3184,3,Leipzig,2,True
K0006,2022-10-30,S00006,Haftpflichtversicherung,2023-10-02,4144,0,Dresden,2,False
K0172,2023-01-29,S00172,Haftpflichtversicherung,2023-08-23,1450,1,Frankfurt,1,False
K0272,2022-03-30,S00272,Kfz,2022-06-10,1489,2,Düsseldorf,2,False
K0553,2022-01-16,S00553,Kfz,2022-06-11,3670,1,Leipzig,2,False
K0594,2023-09-04,S00594,Kfz,2023-12-08,1824,2,Dresden,2,False
K0499,2021-05-21,S00499,Haftpflichtversicherung,2023-03-01,4624,2,Frankfurt,2,False
K0840,2022-03-08,S00840,Hausrat,2022-04-09,2212,0,Nürnberg,2,False
K0583,2021-12-07,S00583,Kfz,2022-03-11,1474,0,Bremen,2,False
K0911,2022-04-29,S00911,Kfz,2022-05-15,5350,3,Berlin,1,True
K0880,2023-02-05,S00880,Haftpflichtversicherung,2023-05-27,2540,0,Dresden,3,False
K0738,2022-05-11,S00738,Hausrat,2023-06-01,773,2,Bremen,1,False
K0304,2023-02-04,S00304,Kfz,2023-09-07,3306,1,Essen,3,False
K0629,2023-01-29,S00629,Hausrat,2023-09-19,2512,1,Hannover,1,False
K0721,2022-11-30,S00721,Haftpflichtversicherung,2023-05-24,1026,0,Stuttgart,3,False
K0518,2021-10-17,S00518,Kfz,2022-03-28,875,1,Essen,1,False
K0611,2022-12-12,S00611,Hausrat,2023-06-20,3104,2,München,1,False
K0643,2023-08-11,S00643,Kfz,2023-10-30,1935,1,Hannover,1,False
K0269,2023-03-27,S00269,Kfz,2023-09-10,2292,1,Leipzig,3,False
K0972,2021-09-04,S00972,Hausrat,2021-09-12,5895,1,Essen,2,True
K0546,2022-09-06,S00546,Kfz,2023-06-24,3300,2,Essen,2,False
K0491,2021-07-18,S00491,Hausrat,2023-03-21,3741,2,Dresden,1,False
K0216,2021-11-17,S00216,Hausrat,2022-02-12,3677,2,München,1,False
K0715,2022-02-11,S00715,Hausrat,2022-04-06,4944,2,München,1,False
K0323,2022-12-16,S00323,Haftpflichtversicherung,2023-03-06,3656,1,Hannover,3,False
K0360,2022-04-01,S00360,Hausrat,2022-09-10,2576,0,Essen,1,False
K0215,2022-10-11,S00215,Hausrat,2023-11-02,626,2,Hannover,3,False
K0383,2022-12-24,S00383,Hausrat,2023-11-06,3528,0,Berlin,3,False
K0143,2022-05-21,S00143,Hausrat,2022-07-11,2363,2,Frankfurt,3,False
K0317,2022-08-08,S00317,Hausrat,2023-07-20,4777,0,Dresden,2,False
K0890,2021-11-25,S00890,Kfz,2022-02-17,3581,1,Bremen,2,False
K0466,2023-07-06,S00466,Kfz,2023-09-14,2919,2,Hamburg,2,False
K0324,2023-05-16,S00324,Haftpflichtversicherung,2023-09-07,4742,0,Essen,2,False
K0191,2021-03-09,S00191,Hausrat,2023-07-26,2334,1,Dortmund,2,False
K0586,2022-01-22,S00586,Haftpflichtversicherung,2023-06-04,1413,2,Dresden,1,False
K0593,2023-08-07,S00593,Haftpflichtversicherung,2023-11-29,3611,2,Dresden,1,False
K0098,2023-06-13,S00098,Kfz,2023-09-28,509,2,Dresden,1,False
K0581,2023-01-30,S00581,Haftpflichtversicherung,2023-06-19,1454,0,München,1,False
K0374,2021-12-28,S00374,Hausrat,2022-08-06,2574,0,Leipzig,1,False
K0105,2022-06-14,S00105,Haftpflichtversicherung,2023-11-21,820,0,München,1,False
K0728,2023-04-16,S00728,Kfz,2023-06-14,1020,0,Leipzig,2,False
K0012,2023-03-21,S00012,Kfz,2023-09-14,1138,2,Düsseldorf,1,False
K0667,2022-03-07,S00667,Haftpflichtversicherung,2023-05-22,4499,0,Hannover,2,False
K0492,2023-04-12,S00492,Kfz,2023-06-08,1045,0,Hamburg,1,False
K0706,2022-11-15,S00706,Haftpflichtversicherung,2023-04-10,4110,1,München,2,False
K0182,2023-03-10,S00182,Hausrat,2023-11-15,3728,2,Essen,2,False
K0433,2022-11-14,S00433,Hausrat,2023-08-11,4140,0,Leipzig,2,False
K0088,2022-06-21,S00088,Hausrat,2023-05-03,2548,2,München,2,False
K0196,2023-01-12,S00196,Haftpflichtversicherung,2023-02-05,3097,2,Stuttgart,1,False
K0917,2022-05-19,S00917,Hausrat,2022-06-11,9897,1,München,2,True
K0205,2022-05-29,S00205,Haftpflichtversicherung,2023-07-08,3505,0,Hamburg,2,False
K0150,2022-08-06,S00150,Hausrat,2022-10-02,2692,1,Hamburg,1,False
K0978,2022-10-21,S00978,Hausrat,2022-11-18,7259,2,Leipzig,2,True
K0806,2021-12-20,S00806,Haftpflichtversicherung,2022-07-18,3456,0,Leipzig,1,False
K0571,2022-03-13,S00571,Kfz,2023-01-16,1790,0,Hannover,2,False
K0129,2022-02-09,S00129,Hausrat,2022-09-14,4143,0,Hamburg,2,False
K0198,2022-06-25,S00198,Hausrat,2022-11-13,1314,2,Hamburg,1,False
K0307,2022-06-16,S00307,Haftpflichtversicherung,2023-03-05,3810,2,Düsseldorf,1,False
K0072,2021-12-16,S00072,Hausrat,2022-10-09,505,1,Essen,1,False
K0750,2021-10-23,S00750,Haftpflichtversicherung,2022-09-24,713,1,Düsseldorf,2,False
K0073,2022-08-16,S00073,Hausrat,2022-10-17,967,2,Berlin,2,False
K0548,2022-02-09,S00548,Kfz,2022-02-17,4345,2,Dresden,1,False
K0267,2021-06-04,S00267,Haftpflichtversicherung,2022-10-27,2224,0,Düsseldorf,2,False
K0652,2021-09-08,S00652,Hausrat,2023-10-13,1417,1,Nürnberg,2,False
K0375,2022-05-17,S00375,Hausrat,2023-08-01,1145,2,München,2,False
K0163,2023-01-05,S00163,Hausrat,2023-04-05,2535,0,Frankfurt,1,False
K0297,2023-01-26,S00297,Hausrat,2023-04-03,4564,1,Hannover,1,False
K0508,2022-09-28,S00508,Hausrat,2023-04-11,4861,2,Dresden,3,False
K0484,2023-04-04,S00484,Kfz,2023-07-31,3269,0,Nürnberg,1,False
K0703,2022-08-05,S00703,Kfz,2023-12-31,1291,2,Berlin,3,False
K0266,2023-04-27,S00266,Haftpflichtversicherung,2023-09-18,841,2,Frankfurt,3,False
K0116,2022-09-30,S00116,Kfz,2023-12-01,2104,1,Leipzig,2,False
K0948,2022-12-02,S00948,Kfz,2022-12-12,9667,3,Hamburg,1,True
K0365,2021-06-15,S00365,Hausrat,2023-09-19,574,1,Stuttgart,1,False
K0713,2021-09-26,S00713,Hausrat,2022-09-24,1550,1,Hannover,1,False
K0968,2021-02-25,S00968,Hausrat,2021-03-26,4708,3,Bremen,1,True
K0984,2022-09-06,S00984,Hausrat,2022-09-23,7218,1,Dortmund,3,True
K0007,2021-05-15,S00007,Hausrat,2023-10-15,4932,0,Düsseldorf,1,False
K0616,2022-07-09,S00616,Haftpflichtversicherung,2022-08-22,2969,1,Hamburg,2,False
K0094,2023-07-08,S00094,Kfz,2023-10-28,2526,1,Stuttgart,3,False
K0188,2022-06-15,S00188,Hausrat,2022-07-05,3174,0,Nürnberg,1,False
K0329,2022-12-18,S00329,Haftpflichtversicherung,2023-08-11,4677,1,Leipzig,3,False
K0710,2022-08-03,S00710,Hausrat,2022-10-22,3880,0,Frankfurt,2,False
K0524,2022-06-04,S00524,Kfz,2023-04-21,3132,2,Nürnberg,2,False
K0604,2023-03-28,S00604,Kfz,2023-11-03,1785,1,Dortmund,3,False
K0989,2021-01-23,S00989,Hausrat,2021-02-19,6175,1,Hamburg,1,True
K0810,2022-01-21,S00810,Kfz,2023-11-08,4138,1,Hamburg,2,False
K0078,2022-03-19,S00078,Haftpflichtversicherung,2023-05-21,3428,0,Frankfurt,2,False
K0260,2021-09-01,S00260,Kfz,2022-06-25,3620,0,Bremen,3,False
K0246,2022-07-01,S00246,Haftpflichtversicherung,2022-10-27,885,1,Stuttgart,2,False
K0068,2021-06-06,S00068,Hausrat,2022-07-26,1563,1,Nürnberg,2,False
K0925,2022-11-06,S00925,Kfz,2022-12-05,9155,2,Leipzig,3,True
K0142,2022-05-31,S00142,Hausrat,2023-04-29,2843,0,Hamburg,1,False
K0271,2022-12-12,S00271,Hausrat,2023-03-10,3712,2,Nürnberg,1,False
K0208,2023-02-28,S00208,Kfz,2023-10-22,2139,1,Essen,1,False
K0387,2023-10-20,S00387,Hausrat,2023-12-06,3567,2,Bremen,1,False
K0153,2023-04-14,S00153,Haftpflichtversicherung,2023-05-30,4533,0,Nürnberg,1,False
K0912,2022-12-22,S00912,Hausrat,2023-01-09,7516,3,Düsseldorf,3,True
K0620,2022-08-05,S00620,Kfz,2022-11-22,3219,0,Frankfurt,3,False
K0520,2022-01-29,S00520,Kfz,2022-10-06,645,2,Düsseldorf,3,False
K0765,2022-12-01,S00765,Haftpflichtversicherung,2023-07-13,1417,0,Dortmund,2,False
K0190,2023-05-22,S00190,Kfz,2023-10-20,1293,2,Leipzig,2,False
K0515,2021-11-22,S00515,Kfz,2023-01-07,2550,0,Berlin,1,False
K0962,2022-01-22,S00962,Hausrat,2022-02-11,5361,1,Frankfurt,2,True
K0478,2022-05-01,S00478,Kfz,2022-07-21,4778,0,Nürnberg,3,False
K0328,2022-09-01,S00328,Kfz,2023-03-23,1808,1,Berlin,2,False
K0380,2023-02-18,S00380,Hausrat,2023-07-27,2208,0,Hamburg,2,False
K0599,2023-08-14,S00599,Kfz,2023-11-09,2091,0,Berlin,1,False
K0273,2022-07-23,S00273,Hausrat,2023-03-07,2762,2,Bremen,3,False
K0541,2022-01-12,S00541,Hausrat,2022-12-20,3901,0,München,1,False
K0009,2022-01-12,S00009,Haftpflichtversicherung,2022-07-04,1776,2,Bremen,2,False
K0286,2022-02-14,S00286,Kfz,2022-05-04,1268,0,Düsseldorf,1,False
K0550,2022-05-21,S00550,Kfz,2023-10-26,553,1,Frankfurt,2,False
K0756,2023-09-15,S00756,Kfz,2023-12-06,1091,2,München,2,False
K0047,2021-07-24,S00047,Kfz,2021-11-18,4014,2,Frankfurt,2,False
K0069,2021-05-04,S00069,Kfz,2022-10-30,4824,0,Essen,1,False
K0633,2023-02-07,S00633,Hausrat,2023-10-27,3617,0,Dortmund,1,False
K0020,2021-08-20,S00020,Kfz,2022-03-07,1418,1,Dortmund,2,False
K0794,2022-05-22,S00794,Hausrat,2023-05-15,958,2,Hannover,2,False
K0044,2023-03-30,S00044,Kfz,2023-09-26,3160,0,Leipzig,2,False
K0746,2023-04-03,S00746,Kfz,2023-06-18,2543,1,Dortmund,3,False
K0545,2022-05-11,S00545,Hausrat,2023-01-08,1436,2,Dresden,3,False
K0401,2022-08-19,S00401,Hausrat,2022-10-11,4693,2,Hamburg,1,False
K0966,2021-01-31,S00966,Hausrat,2021-02-16,8573,2,Hamburg,2,True
K0908,2022-11-21,S00908,Hausrat,2022-12-08,4384,2,Essen,2,True
K0041,2022-01-17,S00041,Haftpflichtversicherung,2022-08-08,1993,0,Hannover,1,False
K0640,2022-03-21,S00640,Kfz,2022-09-15,4026,0,Essen,1,False
K0498,2023-01-03,S00498,Hausrat,2023-11-08,1313,1,Nürnberg,2,False
K0181,2022-10-21,S00181,Haftpflichtversicherung,2023-01-08,4219,0,Stuttgart,2,False
K0834,2022-08-04,S00834,Haftpflichtversicherung,2022-10-21,2571,2,Frankfurt,3,False
K0930,2021-12-04,S00930,Hausrat,2021-12-20,3521,1,Dresden,2,True
K0722,2022-02-22,S00722,Kfz,2023-11-28,3724,2,Dresden,2,False
K0220,2021-07-29,S00220,Kfz,2022-12-17,4646,0,Düsseldorf,2,False
K0737,2022-09-15,S00737,Kfz,2023-05-11,4360,2,Bremen,1,False
K0944,2022-08-23,S00944,Kfz,2022-09-11,4694,1,Bremen,3,True
K0481,2021-07-12,S00481,Hausrat,2023-02-10,4459,0,Stuttgart,1,False
K0811,2022-09-10,S00811,Hausrat,2023-10-05,1249,2,Düsseldorf,1,False
K0858,2023-03-13,S00858,Hausrat,2023-10-29,4091,1,Essen,1,False
K0507,2022-06-21,S00507,Haftpflichtversicherung,2023-05-18,2924,2,Düsseldorf,1,False
K0897,2022-12-11,S00897,Hausrat,2023-10-29,3932,2,Nürnberg,3,False
K0152,2022-12-10,S00152,Haftpflichtversicherung,2023-05-21,3554,1,Hannover,1,False
K0953,2022-01-29,S00953,Kfz,2022-02-22,5964,2,Berlin,2,True
K0701,2022-11-07,S00701,Haftpflichtversicherung,2023-06-21,3556,2,Bremen,1,False
K0875,2022-12-30,S00875,Haftpflichtversicherung,2023-02-03,629,1,Nürnberg,1,False
K0748,2022-09-16,S00748,Kfz,2023-05-15,3996,1,Leipzig,3,False
K0343,2022-04-16,S00343,Kfz,2023-07-13,3179,2,Düsseldorf,2,False
K0240,2022-12-05,S00240,Kfz,2023-10-25,4007,1,Hamburg,1,False
K0145,2021-10-17,S00145,Haftpflichtversicherung,2022-08-24,4097,1,Hamburg,3,False
K0530,2023-10-21,S00530,Haftpflichtversicherung,2023-11-26,2608,0,Nürnberg,1,False
K0663,2022-01-12,S00663,Hausrat,2023-09-10,3007,0,Stuttgart,1,False
K0808,2023-02-23,S00808,Kfz,2023-03-24,1766,2,Hannover,2,False
K0354,2023-11-15,S00354,Kfz,2023-12-08,1804,1,Dortmund,2,False
K0502,2022-12-08,S00502,Haftpflichtversicherung,2023-08-25,744,0,Dresden,1,False
K0841,2023-03-27,S00841,Kfz,2023-05-04,1773,1,Stuttgart,3,False
K0653,2021-12-12,S00653,Haftpflichtversicherung,2022-10-26,1385,2,Nürnberg,3,False
K0074,2022-08-27,S00074,Hausrat,2023-04-21,4670,1,Hannover,1,False
K0549,2022-12-09,S00549,Haftpflichtversicherung,2023-07-29,2296,0,Hannover,2,False
K0905,2021-03-13,S00905,Hausrat,2021-04-06,8856,1,Frankfurt,2,True
K0330,2022-01-27,S00330,Kfz,2022-03-27,1013,2,München,2,False
K0932,2021-01-25,S00932,Hausrat,2021-02-02,5552,1,Hamburg,1,True
K0296,2021-10-30,S00296,Hausrat,2022-08-20,3951,2,Nürnberg,2,False
K0497,2022-03-06,S00497,Kfz,2022-05-24,4310,0,Dortmund,3,False
K0057,2022-01-07,S00057,Kfz,2023-10-30,2233,2,Düsseldorf,2,False
K0894,2023-01-26,S00894,Hausrat,2023-03-14,3139,1,Dresden,2,False
K0027,2021-08-26,S00027,Haftpflichtversicherung,2023-05-18,1213,0,Düsseldorf,1,False
K0400,2023-08-30,S00400,Hausrat,2023-11-15,1833,1,München,2,False
K0603,2022-08-28,S00603,Haftpflichtversicherung,2023-05-15,1812,2,Leipzig,2,False
K0628,2021-06-20,S00628,Kfz,2022-07-19,1088,0,Bremen,2,False
K0757,2022-10-18,S00757,Hausrat,2023-06-12,3220,2,Frankfurt,1,False
K0100,2021-10-20,S00100,Haftpflichtversicherung,2023-06-07,2173,0,Bremen,2,False
K0659,2022-07-23,S00659,Hausrat,2022-09-04,784,0,München,2,False
K0815,2021-11-02,S00815,Kfz,2023-02-06,4202,1,München,3,False
K0848,2021-08-24,S00848,Kfz,2023-12-02,4890,1,Bremen,3,False
K0887,2022-11-05,S00887,Hausrat,2023-08-25,4896,1,Essen,1,False
K0111,2023-04-09,S00111,Hausrat,2023-07-15,3458,0,Dresden,1,False
K0295,2022-11-01,S00295,Hausrat,2023-04-15,2401,2,Dresden,1,False
K0089,2022-02-04,S00089,Kfz,2023-10-17,4915,1,Berlin,3,False
K0532,2022-07-29,S00532,Haftpflichtversicherung,2023-11-29,1438,0,Düsseldorf,2,False
K0108,2023-07-10,S00108,Kfz,2023-11-16,3332,0,Dortmund,1,False
K0244,2022-12-19,S00244,Kfz,2023-03-07,2125,1,Leipzig,1,False
K0648,2022-04-10,S00648,Hausrat,2022-06-13,777,2,Düsseldorf,1,False
K0924,2022-01-16,S00924,Kfz,2022-01-22,6672,2,Dresden,2,True
K0819,2022-07-24,S00819,Haftpflichtversicherung,2022-11-07,4165,2,Dortmund,2,False
K0346,2022-09-09,S00346,Kfz,2023-10-30,3268,2,Leipzig,2,False
K0980,2022-10-14,S00980,Kfz,2022-10-20,9437,2,Leipzig,2,True
K0900,2022-11-29,S00900,Hausrat,2022-12-20,8215,1,München,2,True
K0049,2021-10-06,S00049,Hausrat,2023-10-08,2862,1,Leipzig,3,False
K0134,2022-05-20,S00134,Haftpflichtversicherung,2022-08-15,3398,2,Frankfurt,2,False
K0681,2022-06-18,S00681,Hausrat,2023-11-17,2323,1,Bremen,3,False
K0434,2023-03-02,S00434,Hausrat,2023-05-30,4394,2,Essen,1,False
K0679,2023-10-15,S00679,Hausrat,2023-10-21,2704,1,Berlin,1,False
K0302,2021-04-03,S00302,Kfz,2021-12-13,1332,2,Düsseldorf,1,False
K0087,2022-12-27,S00087,Kfz,2023-12-25,4708,2,Nürnberg,3,False
K0465,2022-12-12,S00465,Haftpflichtversicherung,2023-07-25,3794,2,Stuttgart,3,False
K0614,2022-09-03,S00614,Haftpflichtversicherung,2023-04-16,4786,0,Berlin,3,False
K0312,2021-10-26,S00312,Haftpflichtversicherung,2023-04-16,1811,0,Frankfurt,2,False
K0224,2021-10-06,S00224,Kfz,2023-03-26,4297,1,Berlin,3,False
K0462,2023-06-08,S00462,Kfz,2023-11-12,2021,2,Leipzig,2,False
K0923,2021-10-03,S00923,Kfz,2021-11-01,8593,2,München,1,True
K0951,2021-04-03,S00951,Kfz,2021-04-12,7966,1,Stuttgart,1,True
K0987,2021-09-07,S00987,Kfz,2021-09-11,8060,2,Dresden,3,True
K0157,2022-02-28,S00157,Kfz,2022-12-15,4518,1,München,2,False
K0351,2023-02-19,S00351,Kfz,2023-09-06,3099,2,Leipzig,3,False
K0837,2022-03-30,S00837,Haftpflichtversicherung,2023-05-23,1887,1,Leipzig,1,False
K0063,2023-01-17,S00063,Hausrat,2023-07-10,4235,1,Stuttgart,2,False
K0626,2021-12-15,S00626,Haftpflichtversicherung,2023-11-11,2903,1,Stuttgart,3,False
K0862,2022-10-09,S00862,Haftpflichtversicherung,2023-08-12,1025,2,Hamburg,2,False
K0645,2022-05-01,S00645,Haftpflichtversicherung,2022-06-24,2882,0,Hannover,1,False
K0064,2023-03-30,S00064,Hausrat,2023-09-18,3370,0,Hannover,2,False
K0488,2021-10-05,S00488,Haftpflichtversicherung,2021-12-12,4021,1,Dortmund,2,False
K0825,2023-02-21,S00825,Haftpflichtversicherung,2023-08-09,3471,0,Essen,1,False
K0743,2022-04-22,S00743,Kfz,2022-07-28,665,0,München,2,False
K0793,2022-06-03,S00793,Kfz,2023-12-27,2554,1,Dresden,1,False
K0084,2021-03-07,S00084,Kfz,2023-05-08,2310,1,Berlin,2,False
K0213,2022-09-11,S00213,Kfz,2023-02-04,3435,2,Leipzig,2,False
K0856,2022-12-30,S00856,Hausrat,2023-05-09,3458,0,Leipzig,3,False
K0235,2022-07-12,S00235,Hausrat,2022-12-13,4521,1,Hamburg,1,False
K0557,2022-08-31,S00557,Kfz,2023-02-18,2966,0,München,3,False
K0684,2023-04-05,S00684,Kfz,2023-05-17,3593,2,Essen,3,False
K0921,2021-08-17,S00921,Kfz,2021-09-12,7431,1,München,3,True
K0418,2022-07-22,S00418,Haftpflichtversicherung,2022-12-14,4620,0,Düsseldorf,2,False
K0852,2023-01-09,S00852,Hausrat,2023-07-08,1769,0,Bremen,3,False
K0527,2022-12-08,S00527,Hausrat,2023-05-16,2734,2,Dortmund,1,False
K0661,2023-11-11,S00661,Kfz,2023-12-23,1262,1,Stuttgart,2,False
K0309,2023-04-22,S00309,Kfz,2023-10-18,4175,0,Dresden,1,False
K0342,2023-03-12,S00342,Haftpflichtversicherung,2023-09-29,3261,0,Essen,2,False
K0637,2022-01-06,S00637,Kfz,2022-05-19,4955,2,Stuttgart,2,False
K0988,2021-05-12,S00988,Kfz,2021-05-24,5708,3,Dresden,3,True
K0591,2021-12-17,S00591,Haftpflichtversicherung,2023-12-13,1295,0,Düsseldorf,2,False
K0167,2023-01-16,S00167,Kfz,2023-03-01,919,2,Frankfurt,3,False
K0482,2022-12-27,S00482,Hausrat,2023-06-04,4087,2,Nürnberg,2,False
K0126,2022-08-23,S00126,Haftpflichtversicherung,2023-06-06,3060,1,Düsseldorf,1,False
K0609,2022-02-01,S00609,Hausrat,2023-02-22,2204,2,Dortmund,2,False
K0610,2021-09-03,S00610,Haftpflichtversicherung,2023-06-24,862,2,Hannover,1,False
K0409,2022-03-15,S00409,Hausrat,2023-02-15,981,1,Düsseldorf,1,False
K0036,2023-03-10,S00036,Haftpflichtversicherung,2023-05-15,732,1,Dortmund,1,False
K0176,2022-09-14,S00176,Haftpflichtversicherung,2023-08-24,2357,0,Hannover,1,False
K0125,2022-12-06,S00125,Kfz,2023-12-01,2070,0,Dresden,2,False
K0252,2023-04-06,S00252,Haftpflichtversicherung,2024-01-01,1705,1,Hannover,1,False
K0691,2022-11-27,S00691,Kfz,2023-01-14,4616,1,Stuttgart,2,False
K0539,2023-05-09,S00539,Hausrat,2023-10-22,4064,1,Dortmund,2,False
K0288,2022-03-05,S00288,Hausrat,2023-05-13,4789,2,Leipzig,1,False
K0698,2021-07-04,S00698,Kfz,2022-12-07,3733,2,Stuttgart,2,False
K0909,2021-12-24,S00909,Kfz,2022-01-21,4397,1,Dresden,2,True
K0999,2022-02-07,S00999,Hausrat,2022-02-19,6213,3,Essen,1,True
K0075,2023-03-03,S00075,Hausrat,2023-09-05,503,1,München,1,False
K0889,2023-09-06,S00889,Hausrat,2023-10-16,3966,1,Stuttgart,2,False
K0274,2021-12-28,S00274,Kfz,2022-07-01,2982,2,Hannover,2,False
K0501,2021-12-29,S00501,Hausrat,2022-08-06,4913,2,Hamburg,2,False
K0439,2022-08-20,S00439,Haftpflichtversicherung,2023-02-11,838,1,Bremen,1,False
K0662,2021-04-03,S00662,Kfz,2023-11-30,2928,1,Düsseldorf,1,False
K0725,2021-10-06,S00725,Kfz,2023-11-30,4465,0,Leipzig,2,False
K0562,2022-12-31,S00562,Kfz,2023-09-06,4755,0,Düsseldorf,2,False
K0704,2022-02-21,S00704,Hausrat,2022-09-06,2309,2,Hannover,2,False
K0232,2023-05-21,S00232,Haftpflichtversicherung,2023-07-18,3372,1,Hamburg,2,False
K0727,2022-10-29,S00727,Kfz,2023-01-08,2263,2,Dresden,2,False
K0954,2021-02-08,S00954,Hausrat,2021-03-03,6977,3,Frankfurt,3,True
K0993,2022-01-17,S00993,Hausrat,2022-02-03,5014,3,Hamburg,2,True
K0373,2022-05-06,S00373,Hausrat,2023-03-05,4552,1,Nürnberg,2,False
K0013,2022-06-06,S00013,Haftpflichtversicherung,2022-09-18,555,0,Düsseldorf,1,False
K0749,2021-03-22,S00749,Hausrat,2022-08-24,1278,0,Frankfurt,1,False
K0537,2023-01-24,S00537,Hausrat,2023-10-28,2368,0,Dortmund,1,False
K0308,2023-06-23,S00308,Haftpflichtversicherung,2023-12-30,3800,0,Berlin,2,False
K0992,2021-02-05,S00992,Hausrat,2021-02-20,6814,3,Leipzig,3,True
K0985,2021-10-23,S00985,Kfz,2021-11-01,4423,1,Hannover,1,True
K0714,2022-03-13,S00714,Hausrat,2023-02-21,4133,2,Dortmund,1,False
K0438,2023-07-03,S00438,Haftpflichtversicherung,2023-12-09,715,1,Dortmund,1,False
K0760,2023-03-16,S00760,Kfz,2023-05-23,4837,1,Berlin,2,False
K0913,2022-09-01,S00913,Kfz,2022-09-08,4269,3,Stuttgart,2,True
K0113,2023-04-09,S00113,Haftpflichtversicherung,2023-10-19,3990,1,Dresden,1,False
K0494,2022-03-31,S00494,Hausrat,2022-09-05,4846,0,Leipzig,1,False
K0587,2022-11-22,S00587,Kfz,2023-02-14,536,0,München,3,False
K0830,2022-05-03,S00830,Hausrat,2022-11-05,4388,2,Dortmund,1,False
K0979,2022-05-21,S00979,Hausrat,2022-05-31,7243,3,Frankfurt,3,True
K0369,2022-06-03,S00369,Haftpflichtversicherung,2023-08-26,540,0,Dortmund,2,False
K0812,2022-12-18,S00812,Hausrat,2023-01-10,3927,0,München,1,False
K0065,2021-12-03,S00065,Hausrat,2023-01-28,1660,2,Dortmund,2,False
K0891,2021-10-04,S00891,Kfz,2022-10-13,4278,2,Berlin,1,False
K0366,2021-01-26,S00366,Hausrat,2022-05-28,2675,1,Hamburg,3,False
K0849,2022-01-05,S00849,Kfz,2023-04-05,4509,1,Hamburg,2,False
K0117,2022-07-22,S00117,Haftpflichtversicherung,2023-05-10,4527,1,Essen,1,False
K0147,2021-09-06,S00147,Haftpflichtversicherung,2023-10-17,2690,2,Dresden,2,False
K0536,2023-01-17,S00536,Kfz,2023-09-04,510,0,Berlin,1,False
K0708,2022-07-10,S00708,Kfz,2023-03-07,1484,0,Bremen,2,False
K0268,2022-11-06,S00268,Hausrat,2023-08-07,4922,0,Dortmund,1,False
K0428,2022-11-04,S00428,Hausrat,2023-03-07,2136,0,Leipzig,2,False
K0605,2022-10-18,S00605,Kfz,2023-03-26,4811,2,Frankfurt,1,False
K0486,2022-04-17,S00486,Hausrat,2023-08-11,992,0,Hamburg,3,False
K0431,2021-10-25,S00431,Haftpflichtversicherung,2022-05-12,3504,0,Hamburg,1,False
K0791,2022-09-02,S00791,Haftpflichtversicherung,2023-03-10,750,1,München,2,False
K0991,2021-05-19,S00991,Kfz,2021-06-04,8581,2,München,1,True
K0983,2022-04-20,S00983,Kfz,2022-05-02,3479,3,Essen,2,True
K0322,2022-03-09,S00322,Hausrat,2023-06-04,2698,2,Düsseldorf,1,False
K0248,2021-11-17,S00248,Hausrat,2023-03-05,974,0,Hannover,1,False
K0813,2023-04-06,S00813,Haftpflichtversicherung,2023-08-29,2427,2,Stuttgart,1,False
K0067,2022-04-14,S00067,Hausrat,2023-05-11,3090,2,Bremen,2,False
K0480,2022-09-01,S00480,Kfz,2023-05-17,538,2,München,3,False
K0731,2021-05-01,S00731,Kfz,2022-10-24,2933,1,München,2,False
K0467,2022-01-20,S00467,Hausrat,2023-03-25,1434,2,Essen,1,False
K0231,2023-01-29,S00231,Kfz,2023-04-22,3530,2,Leipzig,2,False
K0136,2023-03-28,S00136,Hausrat,2023-07-09,3121,0,Düsseldorf,3,False
K0110,2021-06-13,S00110,Haftpflichtversicherung,2023-09-12,2494,1,Hannover,2,False
K0671,2022-01-17,S00671,Haftpflichtversicherung,2023-09-29,4053,2,München,2,False
K0154,2022-07-19,S00154,Kfz,2022-12-08,2497,2,Essen,1,False
K0055,2023-04-23,S00055,Haftpflichtversicherung,2023-12-03,3209,1,Frankfurt,1,False
K0178,2023-05-16,S00178,Kfz,2023-07-20,3412,2,Leipzig,1,False
K0091,2022-06-30,S00091,Kfz,2022-08-23,2328,0,Stuttgart,2,False
K0440,2023-03-05,S00440,Hausrat,2023-11-07,4562,0,Berlin,2,False
K0318,2022-10-22,S00318,Hausrat,2023-05-01,1322,2,Leipzig,3,False
K0443,2021-09-07,S00443,Kfz,2023-03-29,2250,0,Berlin,2,False
K0314,2023-03-14,S00314,Haftpflichtversicherung,2023-05-06,3038,0,Hamburg,2,False
K0657,2022-06-12,S00657,Haftpflichtversicherung,2023-11-23,2853,1,Hannover,1,False
K0795,2023-01-14,S00795,Kfz,2023-03-19,707,2,Stuttgart,3,False
K0938,2021-02-19,S00938,Kfz,2021-03-16,7416,2,Hannover,1,True
K0554,2022-12-15,S00554,Kfz,2023-01-27,2413,2,Düsseldorf,1,False
K0140,2022-10-24,S00140,Haftpflichtversicherung,2023-11-19,2636,0,Stuttgart,2,False
K0189,2023-04-25,S00189,Haftpflichtversicherung,2023-06-06,2455,1,Düsseldorf,2,False
K0529,2021-11-18,S00529,Kfz,2022-08-25,2328,2,Hannover,3,False
K0024,2023-09-04,S00024,Kfz,2023-11-01,2406,2,Leipzig,2,False
K0426,2023-01-22,S00426,Hausrat,2023-10-12,4697,1,Essen,1,False
K0133,2021-12-16,S00133,Hausrat,2022-05-16,1814,1,Hannover,1,False
K0170,2021-12-26,S00170,Hausrat,2023-03-19,1620,1,Nürnberg,2,False
K0790,2023-05-22,S00790,Kfz,2023-06-15,4706,1,Stuttgart,1,False
K0888,2023-06-09,S00888,Kfz,2023-08-05,3874,1,Dortmund,2,False
K0419,2022-09-24,S00419,Hausrat,2023-11-17,4726,2,Berlin,3,False
K0936,2021-03-26,S00936,Hausrat,2021-04-02,7155,3,Stuttgart,3,True
K0845,2023-07-19,S00845,Hausrat,2023-10-17,1941,2,Hamburg,1,False
K0367,2022-11-20,S00367,Haftpflichtversicherung,2022-12-04,4424,2,Frankfurt,3,False
K0493,2023-01-22,S00493,Haftpflichtversicherung,2023-08-23,2961,2,Düsseldorf,2,False
K0665,2022-04-06,S00665,Hausrat,2022-05-31,1406,1,Nürnberg,1,False
K0699,2022-11-12,S00699,Hausrat,2023-06-03,2480,2,Dresden,2,False
K0464,2021-10-27,S00464,Haftpflichtversicherung,2023-03-26,2000,1,Dortmund,2,False
K0344,2022-11-10,S00344,Kfz,2023-05-21,2606,2,Stuttgart,1,False
K0011,2023-03-11,S00011,Haftpflichtversicherung,2023-07-10,802,1,München,1,False
K0305,2023-02-07,S00305,Hausrat,2023-08-24,2990,0,Leipzig,1,False
K0368,2023-11-03,S00368,Hausrat,2023-11-09,2589,0,Dortmund,2,False
K0711,2022-01-16,S00711,Hausrat,2023-02-04,1019,2,Leipzig,1,False
K0621,2023-02-26,S00621,Hausrat,2023-06-21,4008,2,Hannover,3,False
K0207,2023-03-01,S00207,Haftpflichtversicherung,2023-03-16,1484,0,Hannover,2,False
K0490,2023-05-12,S00490,Hausrat,2023-08-02,1238,2,Dortmund,2,False
K0265,2022-09-11,S00265,Hausrat,2024-01-01,4201,0,Leipzig,1,False
K0000,2022-03-04,S00000,Haftpflichtversicherung,2022-06-14,2796,1,Bremen,2,False
K0427,2023-04-29,S00427,Kfz,2023-11-30,2822,1,Dortmund,1,False
K0112,2022-03-11,S00112,Kfz,2023-02-18,2538,1,Nürnberg,2,False
K0407,2023-02-21,S00407,Hausrat,2023-05-07,4420,2,Nürnberg,2,False
K0789,2023-01-02,S00789,Hausrat,2023-03-14,1607,2,Berlin,1,False
K0424,2021-05-27,S00424,Kfz,2021-07-06,1958,1,Stuttgart,2,False
K0225,2022-11-03,S00225,Hausrat,2023-03-30,2292,0,Dresden,1,False
K0613,2022-03-12,S00613,Haftpflichtversicherung,2023-07-09,4951,0,Leipzig,1,False
K0838,2023-04-29,S00838,Hausrat,2023-10-25,3953,0,Stuttgart,1,False
K0014,2022-09-20,S00014,Hausrat,2023-11-20,1025,1,Nürnberg,3,False
K0326,2023-01-19,S00326,Kfz,2023-04-01,3952,2,Hamburg,2,False
K0970,2022-07-22,S00970,Hausrat,2022-08-09,9349,3,Leipzig,2,True
K0333,2022-09-12,S00333,Haftpflichtversicherung,2023-04-30,1909,0,Stuttgart,1,False
K0827,2023-04-18,S00827,Hausrat,2023-04-21,4630,1,Nürnberg,1,False
K0008,2022-01-04,S00008,Haftpflichtversicherung,2022-03-27,2555,0,Frankfurt,3,False
K0495,2023-09-25,S00495,Hausrat,2023-09-28,2304,0,Nürnberg,1,False
K0194,2021-04-29,S00194,Haftpflichtversicherung,2022-01-17,3825,0,Hannover,2,False
K0332,2023-01-14,S00332,Kfz,2023-05-05,4094,1,München,2,False
K0015,2021-10-28,S00015,Kfz,2022-03-31,4623,1,Bremen,1,False
K0854,2022-06-18,S00854,Kfz,2024-01-01,1029,0,Düsseldorf,2,False
K0135,2021-08-27,S00135,Haftpflichtversicherung,2023-09-11,577,2,Bremen,2,False
K0556,2023-04-25,S00556,Kfz,2023-09-28,2414,0,Hannover,1,False
K0450,2023-06-07,S00450,Kfz,2023-10-21,546,1,Hannover,1,False
K0596,2023-05-11,S00596,Haftpflichtversicherung,2023-08-28,2896,0,Düsseldorf,1,False
K0690,2022-03-23,S00690,Haftpflichtversicherung,2022-07-15,1488,0,Leipzig,3,False
K0899,2023-02-14,S00899,Kfz,2023-07-12,2860,0,Frankfurt,3,False
K0174,2021-06-18,S00174,Haftpflichtversicherung,2022-02-17,2743,2,Frankfurt,1,False
K0339,2022-03-31,S00339,Hausrat,2023-02-03,4077,1,Düsseldorf,1,False
K0121,2023-02-14,S00121,Haftpflichtversicherung,2023-04-18,2408,2,Leipzig,3,False
K0519,2022-06-03,S00519,Haftpflichtversicherung,2022-07-22,2533,1,Stuttgart,2,False
K0903,2022-05-17,S00903,Hausrat,2022-06-01,3297,3,Leipzig,1,True
K0066,2023-02-28,S00066,Hausrat,2023-10-01,742,1,Dresden,1,False
K0146,2023-02-08,S00146,Haftpflichtversicherung,2023-12-24,4262,2,Dresden,2,False
K0348,2022-07-26,S00348,Kfz,2023-11-07,3686,1,Bremen,2,False
K0588,2022-08-22,S00588,Haftpflichtversicherung,2022-09-24,3887,0,Nürnberg,3,False
K0293,2022-04-07,S00293,Kfz,2022-07-30,4650,0,Düsseldorf,1,False
K0622,2022-04-11,S00622,Hausrat,2023-09-05,4241,0,Leipzig,2,False
K0395,2021-12-11,S00395,Hausrat,2023-08-15,2558,1,Essen,1,False
K0517,2022-05-01,S00517,Haftpflichtversicherung,2023-11-01,1665,2,Leipzig,2,False
K0034,2022-10-17,S00034,Haftpflichtversicherung,2022-10-26,2103,1,Stuttgart,1,False
K0974,2022-01-26,S00974,Hausrat,2022-02-01,7535,1,Berlin,2,True
K0028,2021-10-23,S00028,Haftpflichtversicherung,2023-04-04,1562,2,Bremen,1,False
K0347,2022-10-01,S00347,Hausrat,2023-07-23,4453,1,Bremen,2,False
K0777,2022-01-30,S00777,Kfz,2022-10-05,816,1,Bremen,3,False
K0338,2022-10-24,S00338,Kfz,2023-10-27,1779,1,Dortmund,1,False
K0386,2023-01-14,S00386,Haftpflichtversicherung,2023-03-29,4725,2,Nürnberg,1,False
K0878,2022-11-06,S00878,Kfz,2023-04-05,3438,0,Düsseldorf,2,False
